POLITICAL_UNIT,NAME,WGMS_ID,YEAR,LOWER_BOUND,UPPER_BOUND,AREA,WINTER_BALANCE,WINTER_BALANCE_UNC,SUMMER_BALANCE,SUMMER_BALANCE_UNC,ANNUAL_BALANCE,ANNUAL_BALANCE_UNC,REMARKS
SE,STORGLACIAEREN,332,1981,1140,1160,0.01,1367,,-2133,,-767,,			
SE,STORGLACIAEREN,332,1981,1160,1180,0.0089999999999999,1318,,-2245,,-927,,			
SE,STORGLACIAEREN,332,1981,1180,1200,0.024,1039,,-2306,,-1267,,			
SE,STORGLACIAEREN,332,1981,1200,1220,0.04,1061,,-2245,,-1184,,			
SE,STORGLACIAEREN,332,1981,1220,1240,0.053,1237,,-2231,,-994,,			
SE,STORGLACIAEREN,332,1981,1240,1260,0.068,908,,-2153,,-1245,,			
SE,STORGLACIAEREN,332,1981,1260,1280,0.085,796,,-2066,,-1269,,			
SE,STORGLACIAEREN,332,1981,1280,1300,0.073,829,,-2065,,-1235,,			
SE,STORGLACIAEREN,332,1981,1300,1320,0.0879999999999999,993,,-2014,,-1021,,			
SE,STORGLACIAEREN,332,1981,1320,1340,0.149,710,,-1937,,-1227,,			
SE,STORGLACIAEREN,332,1981,1340,1360,0.247,636,,-1830,,-1194,,			
SE,STORGLACIAEREN,332,1981,1360,1380,0.266,871,,-1757,,-885,,			
SE,STORGLACIAEREN,332,1981,1380,1400,0.208,781,,-1597,,-818,,			
SE,STORGLACIAEREN,332,1981,1400,1420,0.102,1090,,-1563,,-473,,			
SE,STORGLACIAEREN,332,1981,1420,1440,0.0709999999999999,1311,,-1515,,-204,,			
SE,STORGLACIAEREN,332,1981,1440,1460,0.062,1065,,-1482,,-417,,			
SE,STORGLACIAEREN,332,1981,1460,1480,0.089,888,,-1375,,-488,,			
SE,STORGLACIAEREN,332,1981,1480,1500,0.179,1091,,-1255,,-159,,			
SE,STORGLACIAEREN,332,1981,1500,1520,0.166,1267,,-1125,,141,,			
SE,STORGLACIAEREN,332,1981,1520,1540,0.099,1232,,-1125,,106,,			
SE,STORGLACIAEREN,332,1981,1540,1560,0.096,1240,,-875,,365,,			
SE,STORGLACIAEREN,332,1981,1560,1580,0.12,1442,,-875,,566,,			
SE,STORGLACIAEREN,332,1981,1580,1600,0.134,1696,,-625,,1071,,			
SE,STORGLACIAEREN,332,1981,1600,1620,0.134,1804,,-625,,1179,,			
SE,STORGLACIAEREN,332,1981,1620,1640,0.147,1901,,-501,,1401,,			
SE,STORGLACIAEREN,332,1981,1640,1660,0.122,1839,,-376,,1464,,			
SE,STORGLACIAEREN,332,1981,1660,1680,0.077,1762,,-376,,1386,,			
SE,STORGLACIAEREN,332,1981,1680,1700,0.061,1793,,-252,,1541,,			
SE,STORGLACIAEREN,332,1981,1700,1720,0.002,1784,,-126,,1658,,			
SE,STORGLACIAEREN,332,1981,9999,9999,3.03,1163,,-1356,,-190,,			
SE,STORGLACIAEREN,332,1982,1140,1160,0.01,1375,,-1875,,-500,,			
SE,STORGLACIAEREN,332,1982,1160,1180,0.0089999999999999,1311,,-1875,,-751,,			
SE,STORGLACIAEREN,332,1982,1180,1200,0.024,1232,,-1983,,-751,,			
SE,STORGLACIAEREN,332,1982,1200,1220,0.04,1140,,-2066,,-926,,			
SE,STORGLACIAEREN,332,1982,1220,1240,0.053,1094,,-2053,,-959,,			
SE,STORGLACIAEREN,332,1982,1240,1260,0.068,1017,,-2061,,-1044,,			
SE,STORGLACIAEREN,332,1982,1260,1280,0.085,844,,-1971,,-1127,,			
SE,STORGLACIAEREN,332,1982,1280,1300,0.073,900,,-1657,,-757,,			
SE,STORGLACIAEREN,332,1982,1300,1320,0.0879999999999999,895,,-1671,,-776,,			
SE,STORGLACIAEREN,332,1982,1320,1340,0.149,764,,-1620,,-850,,			
SE,STORGLACIAEREN,332,1982,1340,1360,0.247,670,,-1520,,-850,,			
SE,STORGLACIAEREN,332,1982,1360,1380,0.266,860,,-1510,,-650,,			
SE,STORGLACIAEREN,332,1982,1380,1400,0.208,931,,-1421,,-490,,			
SE,STORGLACIAEREN,332,1982,1400,1420,0.102,1136,,-1378,,-252,,			
SE,STORGLACIAEREN,332,1982,1420,1440,0.0709999999999999,1502,,-1298,,204,,			
SE,STORGLACIAEREN,332,1982,1440,1460,0.062,1491,,-1224,,268,,			
SE,STORGLACIAEREN,332,1982,1460,1480,0.089,1210,,-1164,,46,,			
SE,STORGLACIAEREN,332,1982,1480,1500,0.179,2006,,-1061,,945,,			
SE,STORGLACIAEREN,332,1982,1500,1520,0.166,2127,,-926,,1201,,			
SE,STORGLACIAEREN,332,1982,1520,1540,0.099,2120,,-932,,1188,,			
SE,STORGLACIAEREN,332,1982,1540,1560,0.096,2056,,-951,,1105,,			
SE,STORGLACIAEREN,332,1982,1560,1580,0.12,1955,,-881,,1074,,			
SE,STORGLACIAEREN,332,1982,1580,1600,0.134,2044,,-875,,1169,,			
SE,STORGLACIAEREN,332,1982,1600,1620,0.134,2205,,-625,,1580,,			
SE,STORGLACIAEREN,332,1982,1620,1640,0.147,2362,,-625,,1737,,			
SE,STORGLACIAEREN,332,1982,1640,1660,0.122,2587,,-625,,1962,,			
SE,STORGLACIAEREN,332,1982,1660,1680,0.077,2715,,-625,,2090,,			
SE,STORGLACIAEREN,332,1982,1680,1700,0.061,2750,,-500,,2250,,			
SE,STORGLACIAEREN,332,1982,1700,1720,0.002,2728,,-400,,2328,,			
SE,STORGLACIAEREN,332,1982,9999,9999,3.03,1496,,-1233,,260,,			
SE,STORGLACIAEREN,332,1983,1140,1160,0.01,1045,,-1875,,-830,,			
SE,STORGLACIAEREN,332,1983,1160,1180,0.0089999999999999,1033,,-2011,,-978,,			
SE,STORGLACIAEREN,332,1983,1180,1200,0.024,1251,,-2248,,-997,,			
SE,STORGLACIAEREN,332,1983,1200,1220,0.04,1288,,-2208,,-920,,			
SE,STORGLACIAEREN,332,1983,1220,1240,0.053,1061,,-2139,,-1078,,			
SE,STORGLACIAEREN,332,1983,1240,1260,0.068,807,,-2070,,-1263,,			
SE,STORGLACIAEREN,332,1983,1260,1280,0.085,710,,-1881,,-1170,,			
SE,STORGLACIAEREN,332,1983,1280,1300,0.073,877,,-1786,,-908,,			
SE,STORGLACIAEREN,332,1983,1300,1320,0.0879999999999999,701,,-1851,,-1151,,			
SE,STORGLACIAEREN,332,1983,1320,1340,0.149,489,,-1950,,-1461,,			
SE,STORGLACIAEREN,332,1983,1340,1360,0.247,536,,-1743,,-1207,,			
SE,STORGLACIAEREN,332,1983,1360,1380,0.266,715,,-1574,,-859,,			
SE,STORGLACIAEREN,332,1983,1380,1400,0.208,875,,-1458,,-583,,			
SE,STORGLACIAEREN,332,1983,1400,1420,0.102,1456,,-1260,,196,,			
SE,STORGLACIAEREN,332,1983,1420,1440,0.0709999999999999,1602,,-1190,,412,,			
SE,STORGLACIAEREN,332,1983,1440,1460,0.062,1367,,-1186,,181,,			
SE,STORGLACIAEREN,332,1983,1460,1480,0.089,1461,,-1128,,333,,			
SE,STORGLACIAEREN,332,1983,1480,1500,0.179,2004,,-983,,1021,,			
SE,STORGLACIAEREN,332,1983,1500,1520,0.166,1987,,-900,,1087,,			
SE,STORGLACIAEREN,332,1983,1520,1540,0.099,1854,,-923,,932,,			
SE,STORGLACIAEREN,332,1983,1540,1560,0.096,1925,,-883,,1042,,			
SE,STORGLACIAEREN,332,1983,1560,1580,0.12,2135,,-625,,1510,,			
SE,STORGLACIAEREN,332,1983,1580,1600,0.134,2218,,-625,,1593,,			
SE,STORGLACIAEREN,332,1983,1600,1620,0.134,2321,,-625,,1696,,			
SE,STORGLACIAEREN,332,1983,1620,1640,0.147,2474,,-375,,2099,,			
SE,STORGLACIAEREN,332,1983,1640,1660,0.122,2463,,-375,,2088,,			
SE,STORGLACIAEREN,332,1983,1660,1680,0.077,2395,,-125,,2270,,			
SE,STORGLACIAEREN,332,1983,1680,1700,0.061,2294,,0,,2294,,			
SE,STORGLACIAEREN,332,1983,1700,1720,0.002,2544,,0,,2544,,			
SE,STORGLACIAEREN,332,1983,9999,9999,3.03,1472,,-1190,,280,,			
SE,STORGLACIAEREN,332,1984,1140,1160,0.01,2419,,-2869,,-450,,			
SE,STORGLACIAEREN,332,1984,1160,1180,0.0089999999999999,2161,,-2869,,-709,,			
SE,STORGLACIAEREN,332,1984,1180,1200,0.024,1831,,-2881,,-1050,,			
SE,STORGLACIAEREN,332,1984,1200,1220,0.04,1801,,-2880,,-1079,,			
SE,STORGLACIAEREN,332,1984,1220,1240,0.053,1729,,-2818,,-1090,,			
SE,STORGLACIAEREN,332,1984,1240,1260,0.068,1182,,-2844,,-1661,,			
SE,STORGLACIAEREN,332,1984,1260,1280,0.085,888,,-2861,,-1973,,			
SE,STORGLACIAEREN,332,1984,1280,1300,0.073,1090,,-2586,,-1496,,			
SE,STORGLACIAEREN,332,1984,1300,1320,0.0879999999999999,1404,,-2254,,-851,,			
SE,STORGLACIAEREN,332,1984,1320,1340,0.149,833,,-2254,,-1421,,			
SE,STORGLACIAEREN,332,1984,1340,1360,0.247,765,,-2154,,-1389,,			
SE,STORGLACIAEREN,332,1984,1360,1380,0.266,868,,-2027,,-1159,,			
SE,STORGLACIAEREN,332,1984,1380,1400,0.208,982,,-2105,,-1123,,			
SE,STORGLACIAEREN,332,1984,1400,1420,0.102,1503,,-2049,,-546,,			
SE,STORGLACIAEREN,332,1984,1420,1440,0.0709999999999999,1781,,-1959,,-178,,			
SE,STORGLACIAEREN,332,1984,1440,1460,0.062,1431,,-1856,,-425,,			
SE,STORGLACIAEREN,332,1984,1460,1480,0.089,1552,,-1622,,-70,,			
SE,STORGLACIAEREN,332,1984,1480,1500,0.179,2030,,-1416,,614,,			
SE,STORGLACIAEREN,332,1984,1500,1520,0.166,2481,,-1347,,1341,,			
SE,STORGLACIAEREN,332,1984,1520,1540,0.099,2377,,-1235,,1142,,			
SE,STORGLACIAEREN,332,1984,1540,1560,0.096,2453,,-1214,,1239,,			
SE,STORGLACIAEREN,332,1984,1560,1580,0.12,2621,,-1123,,1498,,			
SE,STORGLACIAEREN,332,1984,1580,1600,0.134,2840,,-1026,,1815,,			
SE,STORGLACIAEREN,332,1984,1600,1620,0.134,3074,,-1001,,2073,,			
SE,STORGLACIAEREN,332,1984,1620,1640,0.147,3079,,-931,,2148,,			
SE,STORGLACIAEREN,332,1984,1640,1660,0.122,3108,,-777,,2331,,			
SE,STORGLACIAEREN,332,1984,1660,1680,0.077,2850,,-500,,2349,,			
SE,STORGLACIAEREN,332,1984,1680,1700,0.061,2642,,-374,,2267,,			
SE,STORGLACIAEREN,332,1984,1700,1720,0.002,3575,,-374,,3201,,			
SE,STORGLACIAEREN,332,1984,9999,9999,3.03,1828,,-1708,,120,,			
SE,STORGLACIAEREN,332,1985,1140,1160,0.01,1069,,-2827,,-1758,,			
SE,STORGLACIAEREN,332,1985,1160,1180,0.0089999999999999,1046,,-2875,,-1829,,			
SE,STORGLACIAEREN,332,1985,1180,1200,0.024,868,,-2849,,-1981,,			
SE,STORGLACIAEREN,332,1985,1200,1220,0.04,745,,-2770,,-2025,,			
SE,STORGLACIAEREN,332,1985,1220,1240,0.053,664,,-2687,,-2023,,			
SE,STORGLACIAEREN,332,1985,1240,1260,0.068,599,,-2659,,-2060,,			
SE,STORGLACIAEREN,332,1985,1260,1280,0.085,527,,-2530,,-2003,,			
SE,STORGLACIAEREN,332,1985,1280,1300,0.073,432,,-2371,,-1939,,			
SE,STORGLACIAEREN,332,1985,1300,1320,0.0879999999999999,545,,-2336,,-1790,,			
SE,STORGLACIAEREN,332,1985,1320,1340,0.149,445,,-2348,,-1903,,			
SE,STORGLACIAEREN,332,1985,1340,1360,0.247,350,,-2167,,-1817,,			
SE,STORGLACIAEREN,332,1985,1360,1380,0.266,460,,-1991,,-1531,,			
SE,STORGLACIAEREN,332,1985,1380,1400,0.208,490,,-1915,,-1425,,			
SE,STORGLACIAEREN,332,1985,1400,1420,0.102,741,,-1866,,-1125,,			
SE,STORGLACIAEREN,332,1985,1420,1440,0.0709999999999999,912,,-1784,,-872,,			
SE,STORGLACIAEREN,332,1985,1440,1460,0.062,964,,-1699,,-735,,			
SE,STORGLACIAEREN,332,1985,1460,1480,0.089,790,,-1723,,-932,,			
SE,STORGLACIAEREN,332,1985,1480,1500,0.179,901,,-1512,,-611,,			
SE,STORGLACIAEREN,332,1985,1500,1520,0.166,1270,,-1219,,61,,			
SE,STORGLACIAEREN,332,1985,1520,1540,0.099,1262,,-1239,,23,,			
SE,STORGLACIAEREN,332,1985,1540,1560,0.096,1163,,-1366,,-204,,			
SE,STORGLACIAEREN,332,1985,1560,1580,0.12,1271,,-1280,,-8,,			
SE,STORGLACIAEREN,332,1985,1580,1600,0.134,1374,,-1109,,266,,			
SE,STORGLACIAEREN,332,1985,1600,1620,0.134,1602,,-1142,,4600,,			
SE,STORGLACIAEREN,332,1985,1620,1640,0.147,2143,,-1007,,1136,,			
SE,STORGLACIAEREN,332,1985,1640,1660,0.122,2100,,-887,,1214,,			
SE,STORGLACIAEREN,332,1985,1660,1680,0.077,2268,,-889,,1379,,			
SE,STORGLACIAEREN,332,1985,1680,1700,0.061,2365,,-737,,1629,,			
SE,STORGLACIAEREN,332,1985,1700,1720,0.002,2269,,-621,,1648,,			
SE,STORGLACIAEREN,332,1985,9999,9999,3.03,990,,-1710,,-720,,			
SE,STORGLACIAEREN,332,1986,1140,1160,0.012,1458,,-2675,,-1216,,			
SE,STORGLACIAEREN,332,1986,1160,1180,0.011,1218,,-2673,,-1455,,			
SE,STORGLACIAEREN,332,1986,1180,1200,0.022,1074,,-2601,,-1527,,			
SE,STORGLACIAEREN,332,1986,1200,1220,0.041,1065,,-2651,,-1586,,			
SE,STORGLACIAEREN,332,1986,1220,1240,0.053,993,,-2617,,-1624,,			
SE,STORGLACIAEREN,332,1986,1240,1260,0.069,788,,-2376,,-1588,,			
SE,STORGLACIAEREN,332,1986,1260,1280,0.0859999999999999,717,,-2299,,-1582,,			
SE,STORGLACIAEREN,332,1986,1280,1300,0.076,901,,-2237,,-1336,,			
SE,STORGLACIAEREN,332,1986,1300,1320,0.089,949,,-2282,,-1333,,			
SE,STORGLACIAEREN,332,1986,1320,1340,0.151,536,,-2133,,-1597,,			
SE,STORGLACIAEREN,332,1986,1340,1360,0.253,618,,-2032,,-1414,,			
SE,STORGLACIAEREN,332,1986,1360,1380,0.274,773,,-1981,,-1208,,			
SE,STORGLACIAEREN,332,1986,1380,1400,0.218,984,,-1878,,-894,,			
SE,STORGLACIAEREN,332,1986,1400,1420,0.103,1212,,-1879,,-667,,			
SE,STORGLACIAEREN,332,1986,1420,1440,0.068,1540,,-1862,,-322,,			
SE,STORGLACIAEREN,332,1986,1440,1460,0.064,1244,,-1671,,-427,,			
SE,STORGLACIAEREN,332,1986,1460,1480,0.094,1113,,-1632,,-518,,			
SE,STORGLACIAEREN,332,1986,1480,1500,0.169,1565,,-1527,,38,,			
SE,STORGLACIAEREN,332,1986,1500,1520,0.184,2140,,-1309,,831,,			
SE,STORGLACIAEREN,332,1986,1520,1540,0.103,1892,,-1317,,574,,			
SE,STORGLACIAEREN,332,1986,1540,1560,0.099,1774,,-1464,,310,,			
SE,STORGLACIAEREN,332,1986,1560,1580,0.113,2014,,-1320,,694,,			
SE,STORGLACIAEREN,332,1986,1580,1600,0.135,2588,,-1128,,1460,,			
SE,STORGLACIAEREN,332,1986,1600,1620,0.142,2935,,-1123,,1812,,			
SE,STORGLACIAEREN,332,1986,1620,1640,0.146,3245,,-1125,,2120,,			
SE,STORGLACIAEREN,332,1986,1640,1660,0.123,3540,,-1004,,2536,,			
SE,STORGLACIAEREN,332,1986,1660,1680,0.076,3371,,-880,,2492,,			
SE,STORGLACIAEREN,332,1986,1680,1700,0.047,3309,,-890,,2419,,			
SE,STORGLACIAEREN,332,1986,1700,1720,0.014,3077,,-875,,2202,,			
SE,STORGLACIAEREN,332,1986,9999,9999,3.04,1609,,-1685,,-60,,			
SE,STORGLACIAEREN,332,1987,1140,1160,0.012,1625,,-1875,,-250,,			
SE,STORGLACIAEREN,332,1987,1160,1180,0.011,1635,,-1811,,-176,,			
SE,STORGLACIAEREN,332,1987,1180,1200,0.022,1379,,-1848,,-470,,			
SE,STORGLACIAEREN,332,1987,1200,1220,0.041,1236,,-1768,,-532,,			
SE,STORGLACIAEREN,332,1987,1220,1240,0.053,1401,,-1784,,-383,,			
SE,STORGLACIAEREN,332,1987,1240,1260,0.069,1136,,-1582,,-446,,			
SE,STORGLACIAEREN,332,1987,1260,1280,0.0859999999999999,1000,,-1635,,-634,,			
SE,STORGLACIAEREN,332,1987,1280,1300,0.076,1008,,-1542,,-533,,			
SE,STORGLACIAEREN,332,1987,1300,1320,0.089,1269,,-1536,,-268,,			
SE,STORGLACIAEREN,332,1987,1320,1340,0.151,902,,-1583,,-681,,			
SE,STORGLACIAEREN,332,1987,1340,1360,0.253,814,,-1407,,-593,,			
SE,STORGLACIAEREN,332,1987,1360,1380,0.274,990,,-1259,,-269,,			
SE,STORGLACIAEREN,332,1987,1380,1400,0.218,1116,,-1327,,-211,,			
SE,STORGLACIAEREN,332,1987,1400,1420,0.103,1548,,-1094,,454,,			
SE,STORGLACIAEREN,332,1987,1420,1440,0.068,1832,,-1080,,751,,			
SE,STORGLACIAEREN,332,1987,1440,1460,0.064,1580,,-1055,,526,,			
SE,STORGLACIAEREN,332,1987,1460,1480,0.094,1464,,-1088,,375,,			
SE,STORGLACIAEREN,332,1987,1480,1500,0.169,1767,,-1063,,704,,			
SE,STORGLACIAEREN,332,1987,1500,1520,0.184,2098,,-1067,,1031,,			
SE,STORGLACIAEREN,332,1987,1520,1540,0.103,2362,,-1187,,1175,,			
SE,STORGLACIAEREN,332,1987,1540,1560,0.099,1930,,-1054,,876,,			
SE,STORGLACIAEREN,332,1987,1560,1580,0.113,2158,,-1163,,996,,			
SE,STORGLACIAEREN,332,1987,1580,1600,0.135,2507,,-973,,1534,,			
SE,STORGLACIAEREN,332,1987,1600,1620,0.142,2538,,-876,,1662,,			
SE,STORGLACIAEREN,332,1987,1620,1640,0.146,2764,,-876,,1888,,			
SE,STORGLACIAEREN,332,1987,1640,1660,0.123,2810,,-874,,1937,,			
SE,STORGLACIAEREN,332,1987,1660,1680,0.076,2741,,-899,,1841,,			
SE,STORGLACIAEREN,332,1987,1680,1700,0.047,2735,,-914,,1821,,			
SE,STORGLACIAEREN,332,1987,1700,1720,0.014,3939,,-1067,,2872,,			
SE,STORGLACIAEREN,332,1987,9999,9999,3.03,1694,,-1219,,480,,			
SE,STORGLACIAEREN,332,1988,1140,1160,0.012,1358,,-3350,,-1992,,			
SE,STORGLACIAEREN,332,1988,1160,1180,0.011,1364,,-3436,,-2073,,			
SE,STORGLACIAEREN,332,1988,1180,1200,0.022,1014,,-3064,,-2050,,			
SE,STORGLACIAEREN,332,1988,1200,1220,0.041,866,,-3132,,-2266,,			
SE,STORGLACIAEREN,332,1988,1220,1240,0.053,951,,-3070,,-2119,,			
SE,STORGLACIAEREN,332,1988,1240,1260,0.069,867,,-3103,,-2236,,			
SE,STORGLACIAEREN,332,1988,1260,1280,0.0859999999999999,697,,-3153,,-2457,,			
SE,STORGLACIAEREN,332,1988,1280,1300,0.076,825,,-3096,,-2271,,			
SE,STORGLACIAEREN,332,1988,1300,1320,0.089,990,,-2815,,-1825,,			
SE,STORGLACIAEREN,332,1988,1320,1340,0.151,693,,-2766,,-2072,,			
SE,STORGLACIAEREN,332,1988,1340,1360,0.253,648,,-2634,,-1986,,			
SE,STORGLACIAEREN,332,1988,1360,1380,0.274,800,,-2500,,-1700,,			
SE,STORGLACIAEREN,332,1988,1380,1400,0.218,828,,-2577,,-1748,,			
SE,STORGLACIAEREN,332,1988,1400,1420,0.103,1226,,-2360,,-1134,,			
SE,STORGLACIAEREN,332,1988,1420,1440,0.068,1563,,-2312,,-749,,			
SE,STORGLACIAEREN,332,1988,1440,1460,0.064,1513,,-2219,,-706,,			
SE,STORGLACIAEREN,332,1988,1460,1480,0.094,1310,,-2165,,-855,,			
SE,STORGLACIAEREN,332,1988,1480,1500,0.169,1641,,-1996,,-355,,			
SE,STORGLACIAEREN,332,1988,1500,1520,0.184,1741,,-1852,,-111,,			
SE,STORGLACIAEREN,332,1988,1520,1540,0.103,1729,,-2017,,-287,,			
SE,STORGLACIAEREN,332,1988,1540,1560,0.099,1811,,-2012,,-201,,			
SE,STORGLACIAEREN,332,1988,1560,1580,0.113,2006,,-1906,,97,,			
SE,STORGLACIAEREN,332,1988,1580,1600,0.135,2016,,-1689,,327,,			
SE,STORGLACIAEREN,332,1988,1600,1620,0.142,2083,,-1554,,530,,			
SE,STORGLACIAEREN,332,1988,1620,1640,0.146,2276,,-1487,,789,,			
SE,STORGLACIAEREN,332,1988,1640,1660,0.123,2333,,-1463,,870,,			
SE,STORGLACIAEREN,332,1988,1660,1680,0.076,2321,,-1525,,796,,			
SE,STORGLACIAEREN,332,1988,1680,1700,0.047,2317,,-1630,,687,,			
SE,STORGLACIAEREN,332,1988,1700,1720,0.07,2441,,-1458,,983,,			
SE,STORGLACIAEREN,332,1988,9999,9999,3.06,1424,,-2263,,-840,,			
SE,STORGLACIAEREN,332,1989,1140,1160,0.012,711,,-452,,258,,			
SE,STORGLACIAEREN,332,1989,1160,1180,0.011,1902,,-1545,,356,,			
SE,STORGLACIAEREN,332,1989,1180,1200,0.022,1620,,-1586,,35,,			
SE,STORGLACIAEREN,332,1989,1200,1220,0.041,2016,,-2099,,-83,,			
SE,STORGLACIAEREN,332,1989,1220,1240,0.053,1811,,-2183,,-372,,			
SE,STORGLACIAEREN,332,1989,1240,1260,0.069,1219,,-2141,,-922,,			
SE,STORGLACIAEREN,332,1989,1260,1280,0.0859999999999999,1268,,-2269,,-1001,,			
SE,STORGLACIAEREN,332,1989,1280,1300,0.076,1443,,-2034,,-591,,			
SE,STORGLACIAEREN,332,1989,1300,1320,0.089,1789,,-1887,,-98,,			
SE,STORGLACIAEREN,332,1989,1320,1340,0.151,1233,,-2029,,-796,,			
SE,STORGLACIAEREN,332,1989,1340,1360,0.253,1271,,-1755,,-484,,			
SE,STORGLACIAEREN,332,1989,1360,1380,0.274,1594,,-1688,,-93,,			
SE,STORGLACIAEREN,332,1989,1380,1400,0.218,2007,,-1620,,387,,			
SE,STORGLACIAEREN,332,1989,1400,1420,0.103,3013,,-1419,,1594,,			
SE,STORGLACIAEREN,332,1989,1420,1440,0.068,2956,,-1428,,1528,,			
SE,STORGLACIAEREN,332,1989,1440,1460,0.064,2252,,-1236,,1016,,			
SE,STORGLACIAEREN,332,1989,1460,1480,0.094,1798,,-1119,,679,,			
SE,STORGLACIAEREN,332,1989,1480,1500,0.169,2705,,-1126,,1579,,			
SE,STORGLACIAEREN,332,1989,1500,1520,0.184,3298,,-860,,2438,,			
SE,STORGLACIAEREN,332,1989,1520,1540,0.103,3351,,-881,,2470,,			
SE,STORGLACIAEREN,332,1989,1540,1560,0.099,2837,,-903,,1934,,			
SE,STORGLACIAEREN,332,1989,1560,1580,0.113,3079,,-910,,2169,,			
SE,STORGLACIAEREN,332,1989,1580,1600,0.135,3438,,-875,,2563,,			
SE,STORGLACIAEREN,332,1989,1600,1620,0.142,4032,,-560,,3471,,			
SE,STORGLACIAEREN,332,1989,1620,1640,0.146,4389,,-655,,3734,,			
SE,STORGLACIAEREN,332,1989,1640,1660,0.123,4205,,-593,,3612,,			
SE,STORGLACIAEREN,332,1989,1660,1680,0.076,3614,,-520,,3094,,			
SE,STORGLACIAEREN,332,1989,1680,1700,0.047,4430,,-674,,3756,,			
SE,STORGLACIAEREN,332,1989,1700,1720,0.014,6043,,-879,,5164,,			
SE,STORGLACIAEREN,332,1989,9999,9999,2.99,2580,,-1340,,1240,,			
SE,STORGLACIAEREN,332,1990,1140,1160,0.012,1967,,-1742,,225,,			
SE,STORGLACIAEREN,332,1990,1160,1180,0.011,2309,,-2218,,91,,			
SE,STORGLACIAEREN,332,1990,1180,1200,0.22,1718,,-2173,,-455,,			
SE,STORGLACIAEREN,332,1990,1200,1220,0.041,1576,,-2276,,-700,,			
SE,STORGLACIAEREN,332,1990,1220,1240,0.053,1445,,-2306,,-860,,			
SE,STORGLACIAEREN,332,1990,1240,1260,0.069,1209,,-2377,,-1168,,			
SE,STORGLACIAEREN,332,1990,1260,1280,0.085,1126,,-2426,,-1300,,			
SE,STORGLACIAEREN,332,1990,1280,1300,0.076,1458,,-2611,,-1153,,			
SE,STORGLACIAEREN,332,1990,1300,1320,0.089,1410,,-2163,,-733,,			
SE,STORGLACIAEREN,332,1990,1320,1340,0.151,1100,,-2179,,-1079,,			
SE,STORGLACIAEREN,332,1990,1340,1360,0.253,1025,,-2157,,-1132,,			
SE,STORGLACIAEREN,332,1990,1360,1380,0.274,1244,,-2019,,-776,,			
SE,STORGLACIAEREN,332,1990,1380,1400,0.218,1491,,-1956,,-465,,			
SE,STORGLACIAEREN,332,1990,1400,1420,0.103,1969,,-1855,,114,,			
SE,STORGLACIAEREN,332,1990,1420,1440,0.068,2303,,-1715,,588,,			
SE,STORGLACIAEREN,332,1990,1440,1460,0.064,2044,,-1663,,381,,			
SE,STORGLACIAEREN,332,1990,1460,1480,0.094,1832,,-1470,,362,,			
SE,STORGLACIAEREN,332,1990,1480,1500,0.169,2541,,-1495,,1046,,			
SE,STORGLACIAEREN,332,1990,1500,1520,0.184,2846,,-1258,,1588,,			
SE,STORGLACIAEREN,332,1990,1520,1540,0.103,2930,,-1293,,1637,,			
SE,STORGLACIAEREN,332,1990,1540,1560,0.099,2746,,-1107,,1639,,			
SE,STORGLACIAEREN,332,1990,1560,1580,0.113,3075,,-1142,,1933,,			
SE,STORGLACIAEREN,332,1990,1580,1600,0.135,3083,,-1087,,1996,,			
SE,STORGLACIAEREN,332,1990,1600,1620,0.142,3277,,-947,,2330,,			
SE,STORGLACIAEREN,332,1990,1620,1640,0.146,3791,,-992,,2799,,			
SE,STORGLACIAEREN,332,1990,1640,1660,0.123,3850,,-977,,2873,,			
SE,STORGLACIAEREN,332,1990,1660,1680,0.076,4714,,-1195,,3520,,			
SE,STORGLACIAEREN,332,1990,1680,1700,0.047,4404,,-1123,,3281,,			
SE,STORGLACIAEREN,332,1990,1700,1720,0.014,6536,,-1443,,5093,,			
SE,STORGLACIAEREN,332,1990,9999,9999,3.03,2259,,-1666,,590,,			
SE,STORGLACIAEREN,332,1991,1140,1160,0.0089999999999999,2220,,-3260,,-1040,,			
SE,STORGLACIAEREN,332,1991,1160,1180,0.016,1560,,-3120,,-1560,,			
SE,STORGLACIAEREN,332,1991,1180,1200,0.014,1500,,-3010,,-1500,,			
SE,STORGLACIAEREN,332,1991,1200,1220,0.04,1320,,-2920,,-1590,,			
SE,STORGLACIAEREN,332,1991,1220,1240,0.053,1210,,-2800,,-1590,,			
SE,STORGLACIAEREN,332,1991,1240,1260,0.074,990,,-2680,,-1680,,			
SE,STORGLACIAEREN,332,1991,1260,1280,0.073,880,,-2560,,-1680,,			
SE,STORGLACIAEREN,332,1991,1280,1300,0.079,990,,-2460,,-1460,,			
SE,STORGLACIAEREN,332,1991,1300,1320,0.091,1050,,-2330,,-1280,,			
SE,STORGLACIAEREN,332,1991,1320,1340,0.149,760,,-2210,,-1460,,			
SE,STORGLACIAEREN,332,1991,1340,1360,0.251,760,,-2100,,-1340,,			
SE,STORGLACIAEREN,332,1991,1360,1380,0.267,910,,-1990,,-1070,,			
SE,STORGLACIAEREN,332,1991,1380,1400,0.22,1000,,-1880,,-870,,			
SE,STORGLACIAEREN,332,1991,1400,1420,0.115,1490,,-1760,,-260,,			
SE,STORGLACIAEREN,332,1991,1420,1440,0.0719999999999999,1720,,-1620,,100,,			
SE,STORGLACIAEREN,332,1991,1440,1460,0.064,1520,,-1500,,20,,			
SE,STORGLACIAEREN,332,1991,1460,1480,0.093,1380,,-1390,,0,,			
SE,STORGLACIAEREN,332,1991,1480,1500,0.165,1810,,-1270,,540,,			
SE,STORGLACIAEREN,332,1991,1500,1520,0.186,2290,,-1170,,1120,,			
SE,STORGLACIAEREN,332,1991,1520,1540,0.102,1910,,-1050,,860,,			
SE,STORGLACIAEREN,332,1991,1540,1560,0.0859999999999999,1890,,-950,,940,,			
SE,STORGLACIAEREN,332,1991,1560,1580,0.119,1970,,-830,,1140,,			
SE,STORGLACIAEREN,332,1991,1580,1600,0.139,2420,,-720,,1700,,			
SE,STORGLACIAEREN,332,1991,1600,1620,0.122,2670,,-600,,2070,,			
SE,STORGLACIAEREN,332,1991,1620,1640,0.149,3040,,-490,,2560,,			
SE,STORGLACIAEREN,332,1991,1640,1660,0.114,2980,,-380,,2590,,			
SE,STORGLACIAEREN,332,1991,1660,1680,0.0859999999999999,3730,,-230,,3500,,			
SE,STORGLACIAEREN,332,1991,1680,1700,0.06,2740,,-150,,2590,,			
SE,STORGLACIAEREN,332,1991,1700,1720,0.012,2480,,-40,,2440,,			
SE,STORGLACIAEREN,332,1991,9999,9999,3.01,1680,,-1510,,170,,			
SE,STORGLACIAEREN,332,1992,1140,1160,0.0089999999999999,2250,,-2322,,-72,,			
SE,STORGLACIAEREN,332,1992,1160,1180,0.011,2250,,-2315,,-65,,			
SE,STORGLACIAEREN,332,1992,1180,1200,0.021,2082,,-2405,,-323,,			
SE,STORGLACIAEREN,332,1992,1200,1220,0.04,1675,,-2437,,-762,,			
SE,STORGLACIAEREN,332,1992,1220,1240,0.052,1386,,-2417,,-1031,,			
SE,STORGLACIAEREN,332,1992,1240,1260,0.069,1189,,-2377,,-1188,,			
SE,STORGLACIAEREN,332,1992,1260,1280,0.0859999999999999,1056,,-2247,,-1191,,			
SE,STORGLACIAEREN,332,1992,1280,1300,0.078,1430,,-2123,,-693,,			
SE,STORGLACIAEREN,332,1992,1300,1320,0.0869999999999999,1360,,-2149,,-789,,			
SE,STORGLACIAEREN,332,1992,1320,1340,0.149,1049,,-2097,,-1048,,			
SE,STORGLACIAEREN,332,1992,1340,1360,0.151,1025,,-2013,,-989,,			
SE,STORGLACIAEREN,332,1992,1360,1380,0.269,1245,,-1836,,-591,,			
SE,STORGLACIAEREN,332,1992,1380,1400,0.217,1548,,-1767,,-218,,			
SE,STORGLACIAEREN,332,1992,1400,1420,0.102,2046,,-1607,,439,,			
SE,STORGLACIAEREN,332,1992,1420,1440,0.07,2391,,-1413,,978,,			
SE,STORGLACIAEREN,332,1992,1440,1460,0.064,2065,,-1455,,609,,			
SE,STORGLACIAEREN,332,1992,1460,1480,0.092,1971,,-1414,,557,,			
SE,STORGLACIAEREN,332,1992,1480,1500,0.168,2311,,-1126,,1185,,			
SE,STORGLACIAEREN,332,1992,1500,1520,0.178,2883,,-891,,1992,,			
SE,STORGLACIAEREN,332,1992,1520,1540,0.103,2722,,-862,,1860,,			
SE,STORGLACIAEREN,332,1992,1540,1560,0.1,2635,,-681,,1954,,			
SE,STORGLACIAEREN,332,1992,1560,1580,0.117,2884,,-675,,2210,,			
SE,STORGLACIAEREN,332,1992,1580,1600,0.133,3213,,-667,,2545,,			
SE,STORGLACIAEREN,332,1992,1600,1620,0.135,3573,,-410,,3163,,			
SE,STORGLACIAEREN,332,1992,1620,1640,0.145,3794,,-403,,3391,,			
SE,STORGLACIAEREN,332,1992,1640,1660,0.12,3990,,-396,,3594,,			
SE,STORGLACIAEREN,332,1992,1660,1680,0.091,3917,,-390,,3528,,			
SE,STORGLACIAEREN,332,1992,1680,1700,0.053,3678,,-382,,3296,,			
SE,STORGLACIAEREN,332,1992,1700,1720,0.02,4752,,-376,,4376,,			
SE,STORGLACIAEREN,332,1992,9999,9999,3.01,2235,,-1356,,880,,			
SE,STORGLACIAEREN,332,1993,1140,1160,0.004,2750,,-1880,,880,,			
SE,STORGLACIAEREN,332,1993,1160,1180,0.01,2530,,-1880,,650,,			
SE,STORGLACIAEREN,332,1993,1180,1200,0.018,2030,,-1880,,150,,			
SE,STORGLACIAEREN,332,1993,1200,1220,0.037,1770,,-1880,,-100,,			
SE,STORGLACIAEREN,332,1993,1220,1240,0.055,1690,,-1960,,-260,,			
SE,STORGLACIAEREN,332,1993,1240,1260,0.066,1450,,-2000,,-550,,			
SE,STORGLACIAEREN,332,1993,1260,1280,0.081,1010,,-1880,,-880,,			
SE,STORGLACIAEREN,332,1993,1280,1300,0.081,1270,,-1700,,-440,,			
SE,STORGLACIAEREN,332,1993,1300,1320,0.098,1500,,-1600,,-90,,			
SE,STORGLACIAEREN,332,1993,1320,1340,0.143,1120,,-1600,,-490,,			
SE,STORGLACIAEREN,332,1993,1340,1360,0.25,940,,-1600,,-660,,			
SE,STORGLACIAEREN,332,1993,1360,1380,0.28,1260,,-1470,,-210,,			
SE,STORGLACIAEREN,332,1993,1380,1400,0.237,1300,,-1500,,-200,,			
SE,STORGLACIAEREN,332,1993,1400,1420,0.125,1790,,-1450,,340,,			
SE,STORGLACIAEREN,332,1993,1420,1440,0.073,2070,,-1330,,740,,			
SE,STORGLACIAEREN,332,1993,1440,1460,0.061,2020,,-1280,,750,,			
SE,STORGLACIAEREN,332,1993,1460,1480,0.085,1940,,-1350,,580,,			
SE,STORGLACIAEREN,332,1993,1480,1500,0.15,2300,,-1170,,114,,			
SE,STORGLACIAEREN,332,1993,1500,1520,0.223,3210,,-980,,2230,,			
SE,STORGLACIAEREN,332,1993,1520,1540,0.105,3070,,-1000,,2070,,			
SE,STORGLACIAEREN,332,1993,1540,1560,0.103,2760,,-990,,1780,,			
SE,STORGLACIAEREN,332,1993,1560,1580,0.765,2990,,-870,,2120,,			
SE,STORGLACIAEREN,332,1993,1580,1600,0.123,3290,,-940,,2350,,			
SE,STORGLACIAEREN,332,1993,1600,1620,0.117,3330,,-820,,2520,,			
SE,STORGLACIAEREN,332,1993,1620,1640,0.152,3390,,-670,,2720,,			
SE,STORGLACIAEREN,332,1993,1640,1660,0.144,3940,,-630,,3310,,			
SE,STORGLACIAEREN,332,1993,1660,1680,0.106,3840,,-630,,3210,,			
SE,STORGLACIAEREN,332,1993,1680,1700,0.74,3730,,-630,,3100,,			
SE,STORGLACIAEREN,332,1993,1700,1720,0.42,4250,,-630,,2630,,			
SE,STORGLACIAEREN,332,1993,9999,9999,3.12,2250,,-1250,,1000,,			
SE,STORGLACIAEREN,332,1994,1140,1160,0.003,1580,,-2630,,-1040,,			
SE,STORGLACIAEREN,332,1994,1160,1180,0.007,1410,,-2660,,-1250,,			
SE,STORGLACIAEREN,332,1994,1180,1200,0.017,1230,,-2710,,-1490,,			
SE,STORGLACIAEREN,332,1994,1200,1220,0.035,1000,,-2640,,-1640,,			
SE,STORGLACIAEREN,332,1994,1220,1240,0.051,940,,-2460,,-1520,,			
SE,STORGLACIAEREN,332,1994,1240,1260,0.064,840,,-2300,,-1470,,			
SE,STORGLACIAEREN,332,1994,1260,1280,0.084,600,,-2210,,-1610,,			
SE,STORGLACIAEREN,332,1994,1280,1300,0.083,680,,-2040,,-1360,,			
SE,STORGLACIAEREN,332,1994,1300,1320,0.094,810,,-1750,,-940,,			
SE,STORGLACIAEREN,332,1994,1320,1340,0.144,520,,-1840,,-1320,,			
SE,STORGLACIAEREN,332,1994,1340,1360,0.245,390,,-1740,,-1360,,			
SE,STORGLACIAEREN,332,1994,1360,1380,0.277,500,,-1740,,-1240,,			
SE,STORGLACIAEREN,332,1994,1380,1400,0.235,550,,-1740,,-1190,,			
SE,STORGLACIAEREN,332,1994,1400,1420,0.116,850,,-1620,,-770,,			
SE,STORGLACIAEREN,332,1994,1420,1440,0.076,1070,,-1470,,-400,,			
SE,STORGLACIAEREN,332,1994,1440,1460,0.064,950,,-1530,,-580,,			
SE,STORGLACIAEREN,332,1994,1460,1480,0.0869999999999999,750,,-1550,,-800,,			
SE,STORGLACIAEREN,332,1994,1480,1500,0.145,880,,-1300,,-430,,			
SE,STORGLACIAEREN,332,1994,1500,1520,0.225,1370,,-1070,,300,,			
SE,STORGLACIAEREN,332,1994,1520,1540,0.103,1260,,-1150,,110,,			
SE,STORGLACIAEREN,332,1994,1540,1560,0.097,1160,,-1160,,-1,,			
SE,STORGLACIAEREN,332,1994,1560,1580,0.106,1230,,-990,,250,,			
SE,STORGLACIAEREN,332,1994,1580,1600,0.142,1410,,-950,,460,,			
SE,STORGLACIAEREN,332,1994,1600,1620,0.136,1700,,-870,,840,,			
SE,STORGLACIAEREN,332,1994,1620,1640,0.152,1980,,-790,,1190,,			
SE,STORGLACIAEREN,332,1994,1640,1660,0.134,2110,,-730,,1380,,			
SE,STORGLACIAEREN,332,1994,1660,1680,0.077,2170,,-680,,1490,,			
SE,STORGLACIAEREN,332,1994,1680,1700,0.059,2000,,-600,,1390,,			
SE,STORGLACIAEREN,332,1994,1700,1720,0.029,2270,,-570,,1700,,			
SE,STORGLACIAEREN,332,1994,9999,9999,3.1,1060,,-1430,,-370,,			
SE,STORGLACIAEREN,332,1995,1140,1160,0.003,1630,,-2880,,-1250,,			
SE,STORGLACIAEREN,332,1995,1160,1180,0.008,1500,,-2880,,-1380,,			
SE,STORGLACIAEREN,332,1995,1180,1200,0.017,1400,,-2840,,-1440,,			
SE,STORGLACIAEREN,332,1995,1200,1220,0.035,1310,,-2590,,-1290,,			
SE,STORGLACIAEREN,332,1995,1220,1240,0.051,1350,,-2550,,-1190,,			
SE,STORGLACIAEREN,332,1995,1240,1260,0.064,1310,,-2440,,-1130,,			
SE,STORGLACIAEREN,332,1995,1260,1280,0.084,1020,,-2340,,-1320,,			
SE,STORGLACIAEREN,332,1995,1280,1300,0.083,1170,,-2260,,-1090,,			
SE,STORGLACIAEREN,332,1995,1300,1320,0.094,1460,,-2130,,-670,,			
SE,STORGLACIAEREN,332,1995,1320,1340,0.144,980,,-2010,,-1030,,			
SE,STORGLACIAEREN,332,1995,1340,1360,0.245,930,,-1710,,-780,,			
SE,STORGLACIAEREN,332,1995,1360,1380,0.277,1180,,-1470,,-290,,			
SE,STORGLACIAEREN,332,1995,1380,1400,0.235,1260,,-1590,,-330,,			
SE,STORGLACIAEREN,332,1995,1400,1420,0.116,1690,,-1430,,260,,			
SE,STORGLACIAEREN,332,1995,1420,1440,0.076,1910,,-1270,,640,,			
SE,STORGLACIAEREN,332,1995,1440,1460,0.064,1640,,-1180,,450,,			
SE,STORGLACIAEREN,332,1995,1460,1480,0.0869999999999999,1350,,-1120,,230,,			
SE,STORGLACIAEREN,332,1995,1480,1500,0.145,1660,,-1320,,340,,			
SE,STORGLACIAEREN,332,1995,1500,1520,0.225,2230,,-490,,1740,,			
SE,STORGLACIAEREN,332,1995,1520,1540,0.103,2320,,-780,,1540,,			
SE,STORGLACIAEREN,332,1995,1540,1560,0.097,2280,,-770,,1500,,			
SE,STORGLACIAEREN,332,1995,1560,1580,0.106,2410,,-670,,1750,,			
SE,STORGLACIAEREN,332,1995,1580,1600,0.142,2680,,-640,,2040,,			
SE,STORGLACIAEREN,332,1995,1600,1620,0.136,2960,,-580,,2380,,			
SE,STORGLACIAEREN,332,1995,1620,1640,0.152,3370,,-410,,2970,,			
SE,STORGLACIAEREN,332,1995,1640,1660,0.134,3610,,-300,,3320,,			
SE,STORGLACIAEREN,332,1995,1660,1680,0.077,3690,,-280,,3410,,			
SE,STORGLACIAEREN,332,1995,1680,1700,0.059,3770,,-230,,3540,,			
SE,STORGLACIAEREN,332,1995,1700,1720,0.029,3670,,-240,,3430,,			
SE,STORGLACIAEREN,332,1995,9999,9999,3.1,1930,,-1230,,700,,			
SE,STORGLACIAEREN,332,1996,1140,1160,0.0032,3040,,-4420,,-1380,,"Data from Peter Jansson, NGSU."			
SE,STORGLACIAEREN,332,1996,1160,1180,0.0072,3030,,-4570,,-1540,,"Data from Peter Jansson, NGSU."			
SE,STORGLACIAEREN,332,1996,1180,1200,0.018,3030,,-5010,,-1980,,"Data from Peter Jansson, NGSU."			
SE,STORGLACIAEREN,332,1996,1200,1220,0.0368,3020,,-5240,,-2220,,"Data from Peter Jansson, NGSU."			
SE,STORGLACIAEREN,332,1996,1220,1240,0.0516,2990,,-5180,,-2190,,"Data from Peter Jansson, NGSU."			
SE,STORGLACIAEREN,332,1996,1240,1260,0.0632,2970,,-5280,,-2310,,"Data from Peter Jansson, NGSU."			
SE,STORGLACIAEREN,332,1996,1260,1280,0.0844,2930,,-5470,,-2540,,"Data from Peter Jansson, NGSU."			
SE,STORGLACIAEREN,332,1996,1280,1300,0.0828,2840,,-5150,,-2310,,"Data from Peter Jansson, NGSU."			
SE,STORGLACIAEREN,332,1996,1300,1320,0.0948,2740,,-4950,,-2210,,"Data from Peter Jansson, NGSU."			
SE,STORGLACIAEREN,332,1996,1320,1340,0.1524,2560,,-4790,,-2230,,"Data from Peter Jansson, NGSU."			
SE,STORGLACIAEREN,332,1996,1340,1360,0.2648,2360,,-4360,,-2000,,"Data from Peter Jansson, NGSU."			
SE,STORGLACIAEREN,332,1996,1360,1380,0.3252,2170,,-3830,,-1660,,"Data from Peter Jansson, NGSU."			
SE,STORGLACIAEREN,332,1996,1380,1400,0.252,2160,,-3670,,-1510,,"Data from Peter Jansson, NGSU."			
SE,STORGLACIAEREN,332,1996,1400,1420,0.1184,1650,,-2260,,-610,,"Data from Peter Jansson, NGSU."			
SE,STORGLACIAEREN,332,1996,1420,1440,0.0724,1280,,-1240,,40,,"Data from Peter Jansson, NGSU."			
SE,STORGLACIAEREN,332,1996,1440,1460,0.0684,1330,,-1570,,-240,,"Data from Peter Jansson, NGSU."			
SE,STORGLACIAEREN,332,1996,1460,1480,0.0856,1400,,-1960,,-560,,"Data from Peter Jansson, NGSU."			
SE,STORGLACIAEREN,332,1996,1480,1500,0.152,1140,,-1240,,-100,,"Data from Peter Jansson, NGSU."			
SE,STORGLACIAEREN,332,1996,1500,1520,0.2252,950,,-150,,800,,"Data from Peter Jansson, NGSU."			
SE,STORGLACIAEREN,332,1996,1520,1540,0.106,800,,-60,,740,,"Data from Peter Jansson, NGSU."			
SE,STORGLACIAEREN,332,1996,1540,1560,0.0936,800,,-170,,630,,"Data from Peter Jansson, NGSU."			
SE,STORGLACIAEREN,332,1996,1560,1580,0.0835999999999999,870,,-170,,700,,"Data from Peter Jansson, NGSU."			
SE,STORGLACIAEREN,332,1996,1580,1600,0.1296,870,,-70,,800,,"Data from Peter Jansson, NGSU."			
SE,STORGLACIAEREN,332,1996,1600,1620,0.122,810,,310,,1120,,"Data from Peter Jansson, NGSU."			
SE,STORGLACIAEREN,332,1996,1620,1640,0.1508,790,,830,,1620,,"Data from Peter Jansson, NGSU."			
SE,STORGLACIAEREN,332,1996,1640,1660,0.1484,810,,1330,,2140,,"Data from Peter Jansson, NGSU."			
SE,STORGLACIAEREN,332,1996,1660,1680,0.1032,820,,1410,,2230,,"Data from Peter Jansson, NGSU."			
SE,STORGLACIAEREN,332,1996,1680,1700,0.0688,790,,1550,,2340,,"Data from Peter Jansson, NGSU."			
SE,STORGLACIAEREN,332,1996,1700,1720,0.0412,810,,1920,,2730,,"Data from Peter Jansson, NGSU."			
SE,STORGLACIAEREN,332,1996,1720,1740,0.0068,880,,2670,,3550,,"Data from Peter Jansson, NGSU."			
SE,STORGLACIAEREN,332,1996,9999,9999,3.2124,1260,,-1650,,-390,,"Data from Peter Jansson, NGSU."			
SE,STORGLACIAEREN,332,1997,1140,1160,0.003,2510,,-3200,,-690,,Data reported by Per Holmlund.			
SE,STORGLACIAEREN,332,1997,1160,1180,0.008,2030,,-3220,,-1190,,Data reported by Per Holmlund.			
SE,STORGLACIAEREN,332,1997,1180,1200,0.017,1560,,-3250,,-1690,,Data reported by Per Holmlund.			
SE,STORGLACIAEREN,332,1997,1200,1220,0.036,1150,,-3260,,-2110,,Data reported by Per Holmlund.			
SE,STORGLACIAEREN,332,1997,1220,1240,0.053,1040,,-3280,,-2240,,Data reported by Per Holmlund.			
SE,STORGLACIAEREN,332,1997,1240,1260,0.064,1180,,-3450,,-2280,,Data reported by Per Holmlund.			
SE,STORGLACIAEREN,332,1997,1260,1280,0.084,900,,-3460,,-2560,,Data reported by Per Holmlund.			
SE,STORGLACIAEREN,332,1997,1280,1300,0.081,1030,,-3220,,-2190,,Data reported by Per Holmlund.			
SE,STORGLACIAEREN,332,1997,1300,1320,0.095,1200,,-3090,,-1890,,Data reported by Per Holmlund.			
SE,STORGLACIAEREN,332,1997,1320,1340,0.15,980,,-2900,,-1920,,Data reported by Per Holmlund.			
SE,STORGLACIAEREN,332,1997,1340,1360,0.271,990,,-2710,,-1720,,Data reported by Per Holmlund.			
SE,STORGLACIAEREN,332,1997,1360,1380,0.32,1280,,-2570,,-1280,,Data reported by Per Holmlund.			
SE,STORGLACIAEREN,332,1997,1380,1400,0.254,1560,,-2420,,-860,,Data reported by Per Holmlund.			
SE,STORGLACIAEREN,332,1997,1400,1420,0.118,1770,,-2480,,-710,,Data reported by Per Holmlund.			
SE,STORGLACIAEREN,332,1997,1420,1440,0.079,1720,,-2480,,-760,,Data reported by Per Holmlund.			
SE,STORGLACIAEREN,332,1997,1440,1460,0.066,1470,,-2430,,-960,,Data reported by Per Holmlund.			
SE,STORGLACIAEREN,332,1997,1460,1480,0.082,1430,,-2350,,-910,,Data reported by Per Holmlund.			
SE,STORGLACIAEREN,332,1997,1480,1500,0.149,1970,,-2270,,-300,,Data reported by Per Holmlund.			
SE,STORGLACIAEREN,332,1997,1500,1520,0.228,2700,,-2360,,340,,Data reported by Per Holmlund.			
SE,STORGLACIAEREN,332,1997,1520,1540,0.108,2420,,-2310,,110,,Data reported by Per Holmlund.			
SE,STORGLACIAEREN,332,1997,1540,1560,0.103,2350,,-2200,,150,,Data reported by Per Holmlund.			
SE,STORGLACIAEREN,332,1997,1560,1580,0.101,2380,,-2140,,240,,Data reported by Per Holmlund.			
SE,STORGLACIAEREN,332,1997,1580,1600,0.142,2640,,-2100,,540,,Data reported by Per Holmlund.			
SE,STORGLACIAEREN,332,1997,1600,1620,0.134,2710,,-2090,,620,,Data reported by Per Holmlund.			
SE,STORGLACIAEREN,332,1997,1620,1640,0.162,2860,,-2060,,800,,Data reported by Per Holmlund.			
SE,STORGLACIAEREN,332,1997,1640,1660,0.129,2800,,-2170,,630,,Data reported by Per Holmlund.			
SE,STORGLACIAEREN,332,1997,1660,1680,0.0879999999999999,2830,,-2230,,600,,Data reported by Per Holmlund.			
SE,STORGLACIAEREN,332,1997,1680,1700,0.062,2840,,-2270,,570,,Data reported by Per Holmlund.			
SE,STORGLACIAEREN,332,1997,1700,1720,0.053,2900,,-2260,,640,,Data reported by Per Holmlund.			
SE,STORGLACIAEREN,332,1997,9999,9999,3.24,1870,,-2500,,-630,,Data reported by Per Holmlund.			
SE,STORGLACIAEREN,332,1998,1140,1160,0.003,1370,,-3820,,-2450,,Data reported by Per Holmlund.			
SE,STORGLACIAEREN,332,1998,1160,1180,0.008,1230,,-3820,,-2580,,Data reported by Per Holmlund.			
SE,STORGLACIAEREN,332,1998,1180,1200,0.017,1040,,-3600,,-2570,,Data reported by Per Holmlund.			
SE,STORGLACIAEREN,332,1998,1200,1220,0.036,860,,-3230,,-2370,,Data reported by Per Holmlund.			
SE,STORGLACIAEREN,332,1998,1220,1240,0.053,800,,-2860,,-2060,,Data reported by Per Holmlund.			
SE,STORGLACIAEREN,332,1998,1240,1260,0.064,720,,-2580,,-1860,,Data reported by Per Holmlund.			
SE,STORGLACIAEREN,332,1998,1260,1280,0.084,510,,-2510,,-2000,,Data reported by Per Holmlund.			
SE,STORGLACIAEREN,332,1998,1280,1300,0.081,700,,-2490,,-1790,,Data reported by Per Holmlund.			
SE,STORGLACIAEREN,332,1998,1300,1320,0.095,820,,-2450,,-1630,,Data reported by Per Holmlund.			
SE,STORGLACIAEREN,332,1998,1320,1340,0.15,620,,-2220,,-1610,,Data reported by Per Holmlund.			
SE,STORGLACIAEREN,332,1998,1340,1360,0.271,640,,-2100,,-1460,,Data reported by Per Holmlund.			
SE,STORGLACIAEREN,332,1998,1360,1380,0.32,730,,-2020,,-1280,,Data reported by Per Holmlund.			
SE,STORGLACIAEREN,332,1998,1380,1400,0.254,800,,-1970,,-1170,,Data reported by Per Holmlund.			
SE,STORGLACIAEREN,332,1998,1400,1420,0.118,1070,,-1870,,-800,,Data reported by Per Holmlund.			
SE,STORGLACIAEREN,332,1998,1420,1440,0.079,1210,,-1820,,-610,,Data reported by Per Holmlund.			
SE,STORGLACIAEREN,332,1998,1440,1460,0.066,1070,,-1720,,-650,,Data reported by Per Holmlund.			
SE,STORGLACIAEREN,332,1998,1460,1480,0.082,900,,-1630,,-730,,Data reported by Per Holmlund.			
SE,STORGLACIAEREN,332,1998,1480,1500,0.149,1060,,-1520,,-460,,Data reported by Per Holmlund.			
SE,STORGLACIAEREN,332,1998,1500,1520,0.228,1740,,-1560,,180,,Data reported by Per Holmlund.			
SE,STORGLACIAEREN,332,1998,1520,1540,0.108,1830,,-1620,,210,,Data reported by Per Holmlund.			
SE,STORGLACIAEREN,332,1998,1540,1560,0.103,1740,,-1580,,170,,Data reported by Per Holmlund.			
SE,STORGLACIAEREN,332,1998,1560,1580,0.101,1710,,-1520,,190,,Data reported by Per Holmlund.			
SE,STORGLACIAEREN,332,1998,1580,1600,0.142,1930,,-1460,,470,,Data reported by Per Holmlund.			
SE,STORGLACIAEREN,332,1998,1600,1620,0.134,2180,,-1440,,730,,Data reported by Per Holmlund.			
SE,STORGLACIAEREN,332,1998,1620,1640,0.162,2480,,-1430,,1050,,Data reported by Per Holmlund.			
SE,STORGLACIAEREN,332,1998,1640,1660,0.129,2670,,-1500,,1180,,Data reported by Per Holmlund.			
SE,STORGLACIAEREN,332,1998,1660,1680,0.0879999999999999,2710,,-1530,,1180,,Data reported by Per Holmlund.			
SE,STORGLACIAEREN,332,1998,1680,1700,0.062,2650,,-1550,,1090,,Data reported by Per Holmlund.			
SE,STORGLACIAEREN,332,1998,1700,1720,0.053,2740,,-1530,,1210,,Data reported by Per Holmlund.			
SE,STORGLACIAEREN,332,1998,9999,9999,3.24,1350,,-1870,,-520,,Data reported by Per Holmlund.			
SE,STORGLACIAEREN,332,1999,1140,1160,0.003,1150,,-3640,,-2480,,Data reported by Per Holmlund.			
SE,STORGLACIAEREN,332,1999,1160,1180,0.008,1100,,-3650,,-2560,,Data reported by Per Holmlund.			
SE,STORGLACIAEREN,332,1999,1180,1200,0.017,1050,,-3610,,-2560,,Data reported by Per Holmlund.			
SE,STORGLACIAEREN,332,1999,1200,1220,0.036,910,,-3490,,-2580,,Data reported by Per Holmlund.			
SE,STORGLACIAEREN,332,1999,1220,1240,0.053,890,,-3380,,-2490,,Data reported by Per Holmlund.			
SE,STORGLACIAEREN,332,1999,1240,1260,0.064,930,,-3180,,-2250,,Data reported by Per Holmlund.			
SE,STORGLACIAEREN,332,1999,1260,1280,0.084,670,,-2880,,-2210,,Data reported by Per Holmlund.			
SE,STORGLACIAEREN,332,1999,1280,1300,0.081,980,,-2650,,-1670,,Data reported by Per Holmlund.			
SE,STORGLACIAEREN,332,1999,1300,1320,0.095,1100,,-2450,,-1350,,Data reported by Per Holmlund.			
SE,STORGLACIAEREN,332,1999,1320,1340,0.15,750,,-2140,,-1380,,Data reported by Per Holmlund.			
SE,STORGLACIAEREN,332,1999,1340,1360,0.271,720,,-1960,,-1240,,Data reported by Per Holmlund.			
SE,STORGLACIAEREN,332,1999,1360,1380,0.32,850,,-1870,,-1020,,Data reported by Per Holmlund.			
SE,STORGLACIAEREN,332,1999,1380,1400,0.254,880,,-1830,,-950,,Data reported by Per Holmlund.			
SE,STORGLACIAEREN,332,1999,1400,1420,0.118,1150,,-1640,,-480,,Data reported by Per Holmlund.			
SE,STORGLACIAEREN,332,1999,1420,1440,0.079,1250,,-1440,,-190,,Data reported by Per Holmlund.			
SE,STORGLACIAEREN,332,1999,1440,1460,0.066,1000,,-1260,,-270,,Data reported by Per Holmlund.			
SE,STORGLACIAEREN,332,1999,1460,1480,0.082,930,,-1220,,-280,,Data reported by Per Holmlund.			
SE,STORGLACIAEREN,332,1999,1480,1500,0.149,1090,,-1180,,-90,,Data reported by Per Holmlund.			
SE,STORGLACIAEREN,332,1999,1500,1520,0.228,1710,,-1010,,690,,Data reported by Per Holmlund.			
SE,STORGLACIAEREN,332,1999,1520,1540,0.108,1530,,-1020,,510,,Data reported by Per Holmlund.			
SE,STORGLACIAEREN,332,1999,1540,1560,0.103,1370,,-1010,,360,,Data reported by Per Holmlund.			
SE,STORGLACIAEREN,332,1999,1560,1580,0.101,1380,,-920,,470,,Data reported by Per Holmlund.			
SE,STORGLACIAEREN,332,1999,1580,1600,0.142,1680,,-770,,910,,Data reported by Per Holmlund.			
SE,STORGLACIAEREN,332,1999,1600,1620,0.134,1890,,-610,,1280,,Data reported by Per Holmlund.			
SE,STORGLACIAEREN,332,1999,1620,1640,0.162,2260,,-460,,1790,,Data reported by Per Holmlund.			
SE,STORGLACIAEREN,332,1999,1640,1660,0.129,2530,,-470,,2060,,Data reported by Per Holmlund.			
SE,STORGLACIAEREN,332,1999,1660,1680,0.0879999999999999,2660,,-520,,2140,,Data reported by Per Holmlund.			
SE,STORGLACIAEREN,332,1999,1680,1700,0.062,2680,,-570,,2110,,Data reported by Per Holmlund.			
SE,STORGLACIAEREN,332,1999,1700,1720,0.053,2820,,-1020,,1800,,Data reported by Per Holmlund.			
SE,STORGLACIAEREN,332,1999,9999,9999,3.24,1330,,-1510,,-180,,Data reported by Per Holmlund.			
SE,STORGLACIAEREN,332,2000,1140,1160,0.0,1600,50,-1670,50,-70,50,			
SE,STORGLACIAEREN,332,2000,1160,1180,0.007,1370,50,-1750,50,-380,50,			
SE,STORGLACIAEREN,332,2000,1180,1200,0.016,940,50,-1770,50,-830,50,			
SE,STORGLACIAEREN,332,2000,1200,1220,0.034,750,50,-1790,,-1040,,			
SE,STORGLACIAEREN,332,2000,1220,1240,0.049,810,,-1770,,-960,,			
SE,STORGLACIAEREN,332,2000,1240,1260,0.062,730,,-1710,,-980,,			
SE,STORGLACIAEREN,332,2000,1260,1280,0.084,450,,-1600,,-1150,,			
SE,STORGLACIAEREN,332,2000,1280,1300,0.08,1020,,-1390,,-370,,			
SE,STORGLACIAEREN,332,2000,1300,1320,0.093,1100,,-1400,,-300,,			
SE,STORGLACIAEREN,332,2000,1320,1340,0.15,580,,-1530,,-940,,			
SE,STORGLACIAEREN,332,2000,1340,1360,0.266,640,,-1760,,-1120,,			
SE,STORGLACIAEREN,332,2000,1360,1380,0.321,860,,-1360,,-490,,			
SE,STORGLACIAEREN,332,2000,1380,1400,0.249,970,,-1130,,-160,,			
SE,STORGLACIAEREN,332,2000,1400,1420,0.12,1050,,-1050,,0,,			
SE,STORGLACIAEREN,332,2000,1420,1440,0.0709999999999999,1320,,-930,,390,,			
SE,STORGLACIAEREN,332,2000,1440,1460,0.069,1510,,-920,,590,,			
SE,STORGLACIAEREN,332,2000,1460,1480,0.085,1530,,-880,,640,,			
SE,STORGLACIAEREN,332,2000,1480,1500,0.149,1510,,-840,,670,,			
SE,STORGLACIAEREN,332,2000,1500,1520,0.227,2220,,-790,,1430,,			
SE,STORGLACIAEREN,332,2000,1520,1540,0.104,2220,,-730,,1500,,			
SE,STORGLACIAEREN,332,2000,1540,1560,0.094,2230,,-690,,1530,,			
SE,STORGLACIAEREN,332,2000,1560,1580,0.079,2290,,-650,,1640,,			
SE,STORGLACIAEREN,332,2000,1580,1600,0.125,2580,,-610,,1970,,			
SE,STORGLACIAEREN,332,2000,1600,1620,0.118,2700,,-550,,2140,,			
SE,STORGLACIAEREN,332,2000,1620,1640,0.151,2990,,-490,,2500,,			
SE,STORGLACIAEREN,332,2000,1640,1660,0.148,3260,,-430,,2830,,			
SE,STORGLACIAEREN,332,2000,1660,1680,0.094,3170,,-390,,2780,,			
SE,STORGLACIAEREN,332,2000,1680,1700,0.055,2970,,-350,,2610,,			
SE,STORGLACIAEREN,332,2000,1700,1720,0.026,2950,,-320,,2630,,			
SE,STORGLACIAEREN,332,2000,9999,9999,3.128,1620,,-1040,,580,,			
SE,STORGLACIAEREN,332,2001,1140,1160,0.003,1480,50,-3100,50,-1620,50,			
SE,STORGLACIAEREN,332,2001,1160,1180,0.008,1060,50,-3100,50,-2040,,			
SE,STORGLACIAEREN,332,2001,1180,1200,0.017,760,,-3100,,-2340,,			
SE,STORGLACIAEREN,332,2001,1200,1220,0.036,630,,-3060,,-2430,,			
SE,STORGLACIAEREN,332,2001,1220,1240,0.053,660,,-2960,,-2300,,			
SE,STORGLACIAEREN,332,2001,1240,1260,0.065,580,,-2920,,-2340,,			
SE,STORGLACIAEREN,332,2001,1260,1280,0.083,470,,-2950,,-2480,,			
SE,STORGLACIAEREN,332,2001,1280,1300,0.081,780,,-2720,,-1940,,			
SE,STORGLACIAEREN,332,2001,1300,1320,0.096,710,,-2520,,-1810,,			
SE,STORGLACIAEREN,332,2001,1320,1340,0.15,440,,-2360,,-1920,,			
SE,STORGLACIAEREN,332,2001,1340,1360,0.271,470,,-2310,,-1840,,			
SE,STORGLACIAEREN,332,2001,1360,1380,0.32,610,,-2190,,-1590,,			
SE,STORGLACIAEREN,332,2001,1380,1400,0.255,650,,-2230,,-1580,,			
SE,STORGLACIAEREN,332,2001,1400,1420,0.118,950,,-2060,,-1110,,			
SE,STORGLACIAEREN,332,2001,1420,1440,0.079,990,,-1890,,-890,,			
SE,STORGLACIAEREN,332,2001,1440,1460,0.067,870,,-1770,,-890,,			
SE,STORGLACIAEREN,332,2001,1460,1480,0.082,830,,-1630,,-800,,			
SE,STORGLACIAEREN,332,2001,1480,1500,0.149,1090,,-1440,,-350,,			
SE,STORGLACIAEREN,332,2001,1500,1520,0.229,1360,,-1470,,-110,,			
SE,STORGLACIAEREN,332,2001,1520,1540,0.108,1470,,-1470,,0,,			
SE,STORGLACIAEREN,332,2001,1540,1560,0.102,1390,,-1420,,30,,			
SE,STORGLACIAEREN,332,2001,1560,1580,0.103,1410,,-1330,,70,,			
SE,STORGLACIAEREN,332,2001,1580,1600,0.141,1580,,-1210,,370,,			
SE,STORGLACIAEREN,332,2001,1600,1620,0.135,1870,,-1070,,800,,			
SE,STORGLACIAEREN,332,2001,1620,1640,0.162,2290,,-980,,1310,,			
SE,STORGLACIAEREN,332,2001,1640,1660,0.129,2430,,-1000,,1440,,			
SE,STORGLACIAEREN,332,2001,1660,1680,0.0879999999999999,2430,,-1030,,1390,,			
SE,STORGLACIAEREN,332,2001,1680,1700,0.061,2400,,-1070,,1320,,			
SE,STORGLACIAEREN,332,2001,1700,1720,0.053,2080,,-1380,,700,,			
SE,STORGLACIAEREN,332,2001,9999,9999,3.242,1140,,-1840,,-700,,			
SE,STORGLACIAEREN,332,2002,1140,1160,0.003,1930,50,-4740,50,-2810,50,			
SE,STORGLACIAEREN,332,2002,1160,1180,0.007,1590,,-4720,,-3130,,			
SE,STORGLACIAEREN,332,2002,1180,1200,0.018,1170,,-4680,,-3500,,			
SE,STORGLACIAEREN,332,2002,1200,1220,0.037,930,,-4580,,-3660,,			
SE,STORGLACIAEREN,332,2002,1220,1240,0.516,900,,-4440,,-3540,,			
SE,STORGLACIAEREN,332,2002,1240,1260,0.063,960,,-4370,,-3410,,			
SE,STORGLACIAEREN,332,2002,1260,1280,0.084,680,,-4340,,-3660,,			
SE,STORGLACIAEREN,332,2002,1280,1300,0.083,920,,-4250,,-3320,,			
SE,STORGLACIAEREN,332,2002,1300,1320,0.095,1100,,-4200,,-3100,,			
SE,STORGLACIAEREN,332,2002,1320,1340,0.152,860,,-4000,,-3130,,			
SE,STORGLACIAEREN,332,2002,1340,1360,0.265,830,,-3750,,-2920,,			
SE,STORGLACIAEREN,332,2002,1360,1380,0.325,1040,,-3630,,-2590,,			
SE,STORGLACIAEREN,332,2002,1380,1400,0.252,1100,,-3230,,-2120,,			
SE,STORGLACIAEREN,332,2002,1400,1420,0.118,1520,,-2840,,-1330,,			
SE,STORGLACIAEREN,332,2002,1420,1440,0.0719999999999999,1720,,-2550,,-840,,			
SE,STORGLACIAEREN,332,2002,1440,1460,0.068,1490,,-2300,,-810,,			
SE,STORGLACIAEREN,332,2002,1460,1480,0.0859999999999999,1170,,-2060,,-890,,			
SE,STORGLACIAEREN,332,2002,1480,1500,0.152,1460,,-1760,,-300,,			
SE,STORGLACIAEREN,332,2002,1500,1520,0.225,2190,,-1540,,650,,			
SE,STORGLACIAEREN,332,2002,1520,1540,0.106,2100,,-1550,,550,,			
SE,STORGLACIAEREN,332,2002,1540,1560,0.094,1970,,-1460,,500,,			
SE,STORGLACIAEREN,332,2002,1560,1580,0.084,2050,,-1360,,690,,			
SE,STORGLACIAEREN,332,2002,1580,1600,0.13,2160,,-1260,,910,,			
SE,STORGLACIAEREN,332,2002,1600,1620,0.122,2740,,-1210,,1530,,			
SE,STORGLACIAEREN,332,2002,1620,1640,0.151,3330,,-1130,,2200,,			
SE,STORGLACIAEREN,332,2002,1640,1660,0.148,3590,,-1100,,2480,,			
SE,STORGLACIAEREN,332,2002,1660,1680,0.103,3550,,-1160,,2390,,			
SE,STORGLACIAEREN,332,2002,1680,1700,0.069,3440,,-1160,,2280,,			
SE,STORGLACIAEREN,332,2002,1700,1720,0.041,3770,,-1130,,2640,,			
SE,STORGLACIAEREN,332,2002,1720,1740,0.007,4680,,-1070,,3610,,			
SE,STORGLACIAEREN,332,2002,9999,9999,3.212,1750,,-2580,,-830,,			
SE,STORGLACIAEREN,332,2003,1140,1160,0.003,4700,50,-4700,50,-3490,50,			
SE,STORGLACIAEREN,332,2003,1160,1180,0.007,4620,,-4620,,-3520,,			
SE,STORGLACIAEREN,332,2003,1180,1200,0.018,4430,,-4430,,-3450,,			
SE,STORGLACIAEREN,332,2003,1200,1220,0.037,4070,,-4070,,-3250,,			
SE,STORGLACIAEREN,332,2003,1220,1240,0.516,3810,,-3810,,-3010,,			
SE,STORGLACIAEREN,332,2003,1240,1260,0.063,3660,,-3660,,-2910,,			
SE,STORGLACIAEREN,332,2003,1260,1280,0.084,3480,,-3480,,-2990,,			
SE,STORGLACIAEREN,332,2003,1280,1300,0.083,3400,,-3400,,-2570,,			
SE,STORGLACIAEREN,332,2003,1300,1320,0.095,3310,,-3310,,-2410,,			
SE,STORGLACIAEREN,332,2003,1320,1340,0.152,3090,,-3090,,-2480,,			
SE,STORGLACIAEREN,332,2003,1340,1360,0.265,2920,,-2920,,-2220,,			
SE,STORGLACIAEREN,332,2003,1360,1380,0.325,2870,,-2870,,-2040,,			
SE,STORGLACIAEREN,332,2003,1380,1400,0.252,2800,,-2800,,-1800,,			
SE,STORGLACIAEREN,332,2003,1400,1420,0.118,2560,,-2560,,-1390,,			
SE,STORGLACIAEREN,332,2003,1420,1440,0.0719999999999999,2330,,-2330,,-1220,,			
SE,STORGLACIAEREN,332,2003,1440,1460,0.068,2200,,-2200,,-1240,,			
SE,STORGLACIAEREN,332,2003,1460,1480,0.0859999999999999,2060,,-2060,,-1160,,			
SE,STORGLACIAEREN,332,2003,1480,1500,0.152,1870,,-1870,,-730,,			
SE,STORGLACIAEREN,332,2003,1500,1520,0.225,1770,,-1770,,-100,,			
SE,STORGLACIAEREN,332,2003,1520,1540,0.106,1900,,-1900,,-250,,			
SE,STORGLACIAEREN,332,2003,1540,1560,0.094,1900,,-1900,,-320,,			
SE,STORGLACIAEREN,332,2003,1560,1580,0.084,1830,,-1830,,-150,,			
SE,STORGLACIAEREN,332,2003,1580,1600,0.13,1710,,-1710,,100,,			
SE,STORGLACIAEREN,332,2003,1600,1620,0.122,1610,,-1610,,460,,			
SE,STORGLACIAEREN,332,2003,1620,1640,0.151,1590,,-1590,,730,,			
SE,STORGLACIAEREN,332,2003,1640,1660,0.148,1640,,-1640,,1080,,			
SE,STORGLACIAEREN,332,2003,1660,1680,0.103,1690,,-1690,,1240,,			
SE,STORGLACIAEREN,332,2003,1680,1700,0.069,1730,,-1730,,1430,,			
SE,STORGLACIAEREN,332,2003,1700,1720,0.041,1710,,-1710,,1690,,			
SE,STORGLACIAEREN,332,2003,1720,1740,0.007,1630,,-1630,,2260,,			
SE,STORGLACIAEREN,332,2003,9999,9999,3.212,1380,,-2480,,-1040,,			
SE,STORGLACIAEREN,332,2004,1140,1160,0.003,1870,50,-3170,50,-1300,50,			
SE,STORGLACIAEREN,332,2004,1160,1180,0.0079,1710,50,-3150,50,-1440,50,			
SE,STORGLACIAEREN,332,2004,1180,1200,0.0174,1280,50,-3120,50,-1840,50,			
SE,STORGLACIAEREN,332,2004,1200,1220,0.0365,1100,50,-3030,50,-1930,50,			
SE,STORGLACIAEREN,332,2004,1220,1240,0.0526,1120,50,-2870,50,-1750,50,			
SE,STORGLACIAEREN,332,2004,1240,1260,0.0639,1030,50,-2710,50,-1680,50,			
SE,STORGLACIAEREN,332,2004,1260,1280,0.0834,830,50,-2630,50,-1800,50,			
SE,STORGLACIAEREN,332,2004,1280,1300,0.0809,1220,50,-2430,50,-1210,50,			
SE,STORGLACIAEREN,332,2004,1300,1320,0.0958,1180,50,-2300,50,-1120,50,			
SE,STORGLACIAEREN,332,2004,1320,1340,0.1506,940,50,-2150,50,-1210,50,			
SE,STORGLACIAEREN,332,2004,1340,1360,0.2683,950,50,-1940,50,-990,50,			
SE,STORGLACIAEREN,332,2004,1360,1380,0.324,1080,50,-1870,50,-790,50,			
SE,STORGLACIAEREN,332,2004,1380,1400,0.2518,1130,50,-1820,50,-700,50,			
SE,STORGLACIAEREN,332,2004,1400,1420,0.1196,1470,50,-1790,50,-320,50,			
SE,STORGLACIAEREN,332,2004,1420,1440,0.0722,1490,50,-1740,50,-250,50,			
SE,STORGLACIAEREN,332,2004,1440,1460,0.068,1200,50,-1750,50,-560,50,			
SE,STORGLACIAEREN,332,2004,1460,1480,0.0842,1010,50,-1680,50,-670,50,			
SE,STORGLACIAEREN,332,2004,1480,1500,0.1521,1300,50,-1490,50,-190,50,			
SE,STORGLACIAEREN,332,2004,1500,1520,0.2248,1990,50,-1320,50,670,50,			
SE,STORGLACIAEREN,332,2004,1520,1540,0.1068,1780,50,-1360,50,420,50,			
SE,STORGLACIAEREN,332,2004,1540,1560,0.0964,1690,50,-1300,50,400,50,			
SE,STORGLACIAEREN,332,2004,1560,1580,0.0801999999999999,1620,50,-1220,50,400,50,			
SE,STORGLACIAEREN,332,2004,1580,1600,0.1246,1820,50,-1110,50,710,50,			
SE,STORGLACIAEREN,332,2004,1600,1620,0.1231,2050,50,-1040,50,1020,50,			
SE,STORGLACIAEREN,332,2004,1620,1640,0.1564,2440,50,-980,50,1460,50,			
SE,STORGLACIAEREN,332,2004,1640,1660,0.1487,2780,50,-1000,50,1780,50,			
SE,STORGLACIAEREN,332,2004,1660,1680,0.1017,2800,50,-1020,50,1780,50,			
SE,STORGLACIAEREN,332,2004,1680,1700,0.0701,2480,50,-1070,50,1410,50,			
SE,STORGLACIAEREN,332,2004,1700,1720,0.039,2800,50,-1040,50,1760,50,			
SE,STORGLACIAEREN,332,2004,1720,1740,0.0072,3690,50,-970,50,2720,50,			
SE,STORGLACIAEREN,332,2004,9999,9999,3.2112,1550,,-1670,,-120,,			
SE,STORGLACIAEREN,332,2005,1140,1160,0.003,860,50,-3190,50,-2330,50,			
SE,STORGLACIAEREN,332,2005,1160,1180,0.008,1030,,-3200,,-2180,,			
SE,STORGLACIAEREN,332,2005,1180,1200,0.017,960,,-3210,,-2260,,			
SE,STORGLACIAEREN,332,2005,1200,1220,0.036,870,,-3240,,-2370,,			
SE,STORGLACIAEREN,332,2005,1220,1240,0.053,1010,,-3300,,-2290,,			
SE,STORGLACIAEREN,332,2005,1240,1260,0.064,860,,-3250,,-2390,,			
SE,STORGLACIAEREN,332,2005,1260,1280,0.083,500,,-2960,,-2460,,			
SE,STORGLACIAEREN,332,2005,1280,1300,0.081,720,,-2740,,-2010,,			
SE,STORGLACIAEREN,332,2005,1300,1320,0.096,760,,-2680,,-1920,,			
SE,STORGLACIAEREN,332,2005,1320,1340,0.151,560,,-2590,,-2030,,			
SE,STORGLACIAEREN,332,2005,1340,1360,0.268,670,,-2350,,-1680,,			
SE,STORGLACIAEREN,332,2005,1360,1380,0.324,870,,-2260,,-1400,,			
SE,STORGLACIAEREN,332,2005,1380,1400,0.252,850,,-2200,,-1350,,			
SE,STORGLACIAEREN,332,2005,1400,1420,0.12,1140,,-2090,,-950,,			
SE,STORGLACIAEREN,332,2005,1420,1440,0.0719999999999999,1560,,-1940,,-380,,			
SE,STORGLACIAEREN,332,2005,1440,1460,0.068,1530,,-1780,,-250,,			
SE,STORGLACIAEREN,332,2005,1460,1480,0.084,1320,,-1650,,-320,,			
SE,STORGLACIAEREN,332,2005,1480,1500,0.152,1480,,-1460,,20,,			
SE,STORGLACIAEREN,332,2005,1500,1520,0.225,2290,,-1170,,1120,,			
SE,STORGLACIAEREN,332,2005,1520,1540,0.107,2230,,-1030,,1200,,			
SE,STORGLACIAEREN,332,2005,1540,1560,0.096,1990,,-910,,1080,,			
SE,STORGLACIAEREN,332,2005,1560,1580,0.08,2090,,-810,,1280,,			
SE,STORGLACIAEREN,332,2005,1580,1600,0.125,2290,,-760,,1530,,			
SE,STORGLACIAEREN,332,2005,1600,1620,0.123,2750,,-680,,2070,,			
SE,STORGLACIAEREN,332,2005,1620,1640,0.156,3160,,-620,,2540,,			
SE,STORGLACIAEREN,332,2005,1640,1660,0.149,3350,,-590,,2760,,			
SE,STORGLACIAEREN,332,2005,1660,1680,0.102,3410,,-570,,2830,,			
SE,STORGLACIAEREN,332,2005,1680,1700,0.07,3320,,-560,,2760,,			
SE,STORGLACIAEREN,332,2005,1700,1720,0.039,3750,,-560,,3190,,			
SE,STORGLACIAEREN,332,2005,1720,1740,0.007,5080,,-560,,4510,,			
SE,STORGLACIAEREN,332,2005,9999,9999,3.211,1640,,-1720,,-70,,			
SE,STORGLACIAEREN,332,2006,1140,1160,0.003,1190,,,,,,			
SE,STORGLACIAEREN,332,2006,1160,1180,0.0079,1080,,-5000,,-3810,,			
SE,STORGLACIAEREN,332,2006,1180,1200,0.0174,830,,-4980,,-3900,,			
SE,STORGLACIAEREN,332,2006,1200,1220,0.0365,650,,-4910,,-4080,,			
SE,STORGLACIAEREN,332,2006,1220,1240,0.0526,640,,-4760,,-4120,,			
SE,STORGLACIAEREN,332,2006,1240,1260,0.0639,590,,-4500,,-3860,,			
SE,STORGLACIAEREN,332,2006,1260,1280,0.0834,470,,-4240,,-3650,,			
SE,STORGLACIAEREN,332,2006,1280,1300,0.0809,590,,-3980,,-3510,,			
SE,STORGLACIAEREN,332,2006,1300,1320,0.0958,620,,-3900,,-3300,,			
SE,STORGLACIAEREN,332,2006,1320,1340,0.1506,470,,-3760,,-3140,,			
SE,STORGLACIAEREN,332,2006,1340,1360,0.2683,470,,-3490,,-3020,,			
SE,STORGLACIAEREN,332,2006,1360,1380,0.324,560,,-3360,,-2890,,			
SE,STORGLACIAEREN,332,2006,1380,1400,0.2518,600,,-3190,,-2630,,			
SE,STORGLACIAEREN,332,2006,1400,1420,0.1196,740,,-3290,,-2680,,			
SE,STORGLACIAEREN,332,2006,1420,1440,0.0722,880,,-3210,,-2470,,			
SE,STORGLACIAEREN,332,2006,1440,1460,0.068,800,,-3090,,-2220,,			
SE,STORGLACIAEREN,332,2006,1460,1480,0.0842,730,,-3090,,-2290,,			
SE,STORGLACIAEREN,332,2006,1480,1500,0.1521,890,,-3090,,-2360,,			
SE,STORGLACIAEREN,332,2006,1500,1520,0.2248,1190,,-2850,,-1960,,			
SE,STORGLACIAEREN,332,2006,1520,1540,0.1068,1160,,-2400,,-1200,,			
SE,STORGLACIAEREN,332,2006,1540,1560,0.0964,1070,,-2370,,-1200,,			
SE,STORGLACIAEREN,332,2006,1560,1580,0.0801999999999999,1150,,-2320,,-1250,,			
SE,STORGLACIAEREN,332,2006,1580,1600,0.1246,1330,,-2230,,-1080,,			
SE,STORGLACIAEREN,332,2006,1600,1620,0.1231,1600,,-1900,,-560,,			
SE,STORGLACIAEREN,332,2006,1620,1640,0.1564,1990,,-1670,,-70,,			
SE,STORGLACIAEREN,332,2006,1640,1660,0.1487,2850,,-1490,,500,,			
SE,STORGLACIAEREN,332,2006,1660,1680,0.1017,2940,,-1470,,1380,,			
SE,STORGLACIAEREN,332,2006,1680,1700,0.0701,2880,,-1560,,1380,,			
SE,STORGLACIAEREN,332,2006,1700,1720,0.039,3160,,-1670,,1210,,			
SE,STORGLACIAEREN,332,2006,1720,1740,0.0072,4530,,-1570,,1590,,			
SE,STORGLACIAEREN,332,2006,9999,9999,3.2112,1100,,-2820,,-1720,,			
SE,STORGLACIAEREN,332,2007,1140,1160,0.003,1280,,-1550,,-270,,			
SE,STORGLACIAEREN,332,2007,1160,1180,0.0079,1140,,-1540,,-400,,			
SE,STORGLACIAEREN,332,2007,1180,1200,0.0174,1010,,-1580,,-560,,			
SE,STORGLACIAEREN,332,2007,1200,1220,0.0365,990,,-1680,,-690,,			
SE,STORGLACIAEREN,332,2007,1220,1240,0.0526,1100,,-1900,,-810,,			
SE,STORGLACIAEREN,332,2007,1240,1260,0.0639,860,,-2060,,-1200,,			
SE,STORGLACIAEREN,332,2007,1260,1280,0.0834,540,,-1940,,-1400,,			
SE,STORGLACIAEREN,332,2007,1280,1300,0.0809,970,,-1670,,-700,,			
SE,STORGLACIAEREN,332,2007,1300,1320,0.0958,1050,,-1700,,-650,,			
SE,STORGLACIAEREN,332,2007,1320,1340,0.1506,680,,-1780,,-1100,,			
SE,STORGLACIAEREN,332,2007,1340,1360,0.2683,730,,-1450,,-720,,			
SE,STORGLACIAEREN,332,2007,1360,1380,0.324,850,,-1290,,-440,,			
SE,STORGLACIAEREN,332,2007,1380,1400,0.2518,980,,-1470,,-490,,			
SE,STORGLACIAEREN,332,2007,1400,1420,0.1196,1360,,-1290,,80,,			
SE,STORGLACIAEREN,332,2007,1420,1440,0.0722,1570,,-1230,,340,,			
SE,STORGLACIAEREN,332,2007,1440,1460,0.068,1370,,-1220,,160,,			
SE,STORGLACIAEREN,332,2007,1460,1480,0.0842,1100,,-1160,,-60,,			
SE,STORGLACIAEREN,332,2007,1480,1500,0.1521,1330,,-1040,,300,,			
SE,STORGLACIAEREN,332,2007,1500,1520,0.2248,2000,,-800,,1200,,			
SE,STORGLACIAEREN,332,2007,1520,1540,0.1068,2050,,-870,,1180,,			
SE,STORGLACIAEREN,332,2007,1540,1560,0.0964,1840,,-910,,940,,			
SE,STORGLACIAEREN,332,2007,1560,1580,0.0801999999999999,1880,,-800,,1080,,			
SE,STORGLACIAEREN,332,2007,1580,1600,0.1246,2010,,-750,,1260,,			
SE,STORGLACIAEREN,332,2007,1600,1620,0.1231,2220,,-540,,1680,,			
SE,STORGLACIAEREN,332,2007,1620,1640,0.1564,2440,,-350,,2090,,			
SE,STORGLACIAEREN,332,2007,1640,1660,0.1487,2810,,-320,,2490,,			
SE,STORGLACIAEREN,332,2007,1660,1680,0.1017,3010,,-340,,2660,,			
SE,STORGLACIAEREN,332,2007,1680,1700,0.0701,3290,,-340,,2950,,			
SE,STORGLACIAEREN,332,2007,1700,1720,0.039,3420,,-330,,3080,,			
SE,STORGLACIAEREN,332,2007,1720,1740,0.0072,4250,,-220,,4030,,			
SE,STORGLACIAEREN,332,2007,9999,9999,3.2112,1530,,-1120,,410,,			
SE,STORGLACIAEREN,332,2008,1140,1160,0.003,1160,,-2600,,-1440,,			
SE,STORGLACIAEREN,332,2008,1160,1180,0.0079,1430,,-2610,,-1180,,			
SE,STORGLACIAEREN,332,2008,1180,1200,0.0174,1430,,-2560,,-1130,,			
SE,STORGLACIAEREN,332,2008,1200,1220,0.0365,1270,,-2450,,-1180,,			
SE,STORGLACIAEREN,332,2008,1220,1240,0.0526,1210,,-2300,,-1080,,			
SE,STORGLACIAEREN,332,2008,1240,1260,0.0639,1030,,-2250,,-1220,,			
SE,STORGLACIAEREN,332,2008,1260,1280,0.0834,760,,-2200,,-1450,,			
SE,STORGLACIAEREN,332,2008,1280,1300,0.0809,1070,,-2030,,-960,,			
SE,STORGLACIAEREN,332,2008,1300,1320,0.0958,1130,,-1870,,-740,,			
SE,STORGLACIAEREN,332,2008,1320,1340,0.1506,920,,-1930,,-1010,,			
SE,STORGLACIAEREN,332,2008,1340,1360,0.2683,750,,-1690,,-950,,			
SE,STORGLACIAEREN,332,2008,1360,1380,0.324,950,,-1530,,-580,,			
SE,STORGLACIAEREN,332,2008,1380,1400,0.2518,1000,,-1630,,-630,,			
SE,STORGLACIAEREN,332,2008,1400,1420,0.1196,1530,,-1490,,30,,			
SE,STORGLACIAEREN,332,2008,1420,1440,0.0722,1780,,-1430,,350,,			
SE,STORGLACIAEREN,332,2008,1440,1460,0.068,1670,,-1420,,240,,			
SE,STORGLACIAEREN,332,2008,1460,1480,0.0842,1550,,-1370,,170,,			
SE,STORGLACIAEREN,332,2008,1480,1500,0.1521,1910,,-1190,,720,,			
SE,STORGLACIAEREN,332,2008,1500,1520,0.2248,2850,,-950,,1900,,			
SE,STORGLACIAEREN,332,2008,1520,1540,0.1068,2720,,-940,,1790,,			
SE,STORGLACIAEREN,332,2008,1540,1560,0.0964,2570,,-920,,1640,,			
SE,STORGLACIAEREN,332,2008,1560,1580,0.0801999999999999,2810,,-890,,1920,,			
SE,STORGLACIAEREN,332,2008,1580,1600,0.1246,2730,,-850,,1880,,			
SE,STORGLACIAEREN,332,2008,1600,1620,0.1231,2910,,-790,,2120,,			
SE,STORGLACIAEREN,332,2008,1620,1640,0.1564,3210,,-730,,2480,,			
SE,STORGLACIAEREN,332,2008,1640,1660,0.1487,3480,,-720,,2760,,			
SE,STORGLACIAEREN,332,2008,1660,1680,0.1017,3800,,-730,,3070,,			
SE,STORGLACIAEREN,332,2008,1680,1700,0.0701,4090,,-740,,3350,,			
SE,STORGLACIAEREN,332,2008,1700,1720,0.039,4230,,-730,,3500,,			
SE,STORGLACIAEREN,332,2008,1720,1740,0.0072,4680,,-660,,4020,,			
SE,STORGLACIAEREN,332,2008,9999,9999,3.2112,1930,,-1350,,580,,			
SE,STORGLACIAEREN,332,2009,1140,1160,0.003,1390,,-3270,,-1880,,			
SE,STORGLACIAEREN,332,2009,1160,1180,0.0079,1610,,-3300,,-1680,,			
SE,STORGLACIAEREN,332,2009,1180,1200,0.0174,1310,,-3310,,-2000,,			
SE,STORGLACIAEREN,332,2009,1200,1220,0.0365,930,,-3280,,-2350,,			
SE,STORGLACIAEREN,332,2009,1220,1240,0.0526,870,,-3230,,-2350,,			
SE,STORGLACIAEREN,332,2009,1240,1260,0.0639,700,,-3200,,-2500,,			
SE,STORGLACIAEREN,332,2009,1260,1280,0.0834,540,,-3130,,-2580,,			
SE,STORGLACIAEREN,332,2009,1280,1300,0.0809,900,,-2970,,-2070,,			
SE,STORGLACIAEREN,332,2009,1300,1320,0.0958,830,,-2880,,-2040,,			
SE,STORGLACIAEREN,332,2009,1320,1340,0.1506,360,,-2850,,-2490,,			
SE,STORGLACIAEREN,332,2009,1340,1360,0.2683,450,,-2610,,-2160,,			
SE,STORGLACIAEREN,332,2009,1360,1380,0.324,650,,-2380,,-1730,,			
SE,STORGLACIAEREN,332,2009,1380,1400,0.2518,850,,-2250,,-1410,,			
SE,STORGLACIAEREN,332,2009,1400,1420,0.1196,1150,,-2120,,-970,,			
SE,STORGLACIAEREN,332,2009,1420,1440,0.0722,1250,,-1990,,-740,,			
SE,STORGLACIAEREN,332,2009,1440,1460,0.068,1170,,-1890,,-720,,			
SE,STORGLACIAEREN,332,2009,1460,1480,0.0842,1040,,-1750,,-710,,			
SE,STORGLACIAEREN,332,2009,1480,1500,0.1521,1330,,-1450,,-130,,			
SE,STORGLACIAEREN,332,2009,1500,1520,0.2248,1780,,-1100,,680,,			
SE,STORGLACIAEREN,332,2009,1520,1540,0.1068,1690,,-1170,,520,,			
SE,STORGLACIAEREN,332,2009,1540,1560,0.0964,1620,,-1120,,500,,			
SE,STORGLACIAEREN,332,2009,1560,1580,0.0801999999999999,1680,,-1020,,650,,			
SE,STORGLACIAEREN,332,2009,1580,1600,0.1246,1780,,-1030,,740,,			
SE,STORGLACIAEREN,332,2009,1600,1620,0.1231,2060,,-880,,1180,,			
SE,STORGLACIAEREN,332,2009,1620,1640,0.1564,2310,,-750,,1560,,			
SE,STORGLACIAEREN,332,2009,1640,1660,0.1487,2470,,-680,,1790,,			
SE,STORGLACIAEREN,332,2009,1660,1680,0.1017,2470,,-690,,1780,,			
SE,STORGLACIAEREN,332,2009,1680,1700,0.0701,2420,,-630,,1790,,			
SE,STORGLACIAEREN,332,2009,1700,1720,0.039,2500,,-640,,1860,,			
SE,STORGLACIAEREN,332,2009,1720,1740,0.0072,2830,,-580,,2250,,			
SE,STORGLACIAEREN,332,2009,9999,9999,3.2112,1300,,-1830,,-530,,			
SE,STORGLACIAEREN,332,2010,1140,1160,0.003,1490,,-2700,,-1220,,			
SE,STORGLACIAEREN,332,2010,1160,1180,0.0079,1270,,-2710,,-1440,,			
SE,STORGLACIAEREN,332,2010,1180,1200,0.0174,900,,-2670,,-1780,,			
SE,STORGLACIAEREN,332,2010,1200,1220,0.0365,680,,-2600,,-1920,,			
SE,STORGLACIAEREN,332,2010,1220,1240,0.0526,630,,-2480,,-1850,,			
SE,STORGLACIAEREN,332,2010,1240,1260,0.0639,570,,-2460,,-1900,,			
SE,STORGLACIAEREN,332,2010,1260,1280,0.0834,420,,-2460,,-2040,,			
SE,STORGLACIAEREN,332,2010,1280,1300,0.0809,590,,-2320,,-1720,,			
SE,STORGLACIAEREN,332,2010,1300,1320,0.0958,570,,-2190,,-1610,,			
SE,STORGLACIAEREN,332,2010,1320,1340,0.1506,340,,-2190,,-1850,,			
SE,STORGLACIAEREN,332,2010,1340,1360,0.2683,370,,-2100,,-1720,,			
SE,STORGLACIAEREN,332,2010,1360,1380,0.324,490,,-1990,,-1510,,			
SE,STORGLACIAEREN,332,2010,1380,1400,0.2518,600,,-1990,,-1390,,			
SE,STORGLACIAEREN,332,2010,1400,1420,0.1196,780,,-2030,,-1240,,			
SE,STORGLACIAEREN,332,2010,1420,1440,0.0722,860,,-1980,,-1120,,			
SE,STORGLACIAEREN,332,2010,1440,1460,0.068,760,,-1950,,-1190,,			
SE,STORGLACIAEREN,332,2010,1460,1480,0.0842,660,,-1870,,-1210,,			
SE,STORGLACIAEREN,332,2010,1480,1500,0.1521,860,,-1690,,-830,,			
SE,STORGLACIAEREN,332,2010,1500,1520,0.2248,1170,,-1290,,-120,,			
SE,STORGLACIAEREN,332,2010,1520,1540,0.1068,1170,,-1290,,-130,,			
SE,STORGLACIAEREN,332,2010,1540,1560,0.0964,1150,,-1310,,-160,,			
SE,STORGLACIAEREN,332,2010,1560,1580,0.0801999999999999,1200,,-1210,,0,,			
SE,STORGLACIAEREN,332,2010,1580,1600,0.1246,1260,,-1130,,130,,			
SE,STORGLACIAEREN,332,2010,1600,1620,0.1231,1400,,-930,,470,,			
SE,STORGLACIAEREN,332,2010,1620,1640,0.1564,1550,,-790,,760,,			
SE,STORGLACIAEREN,332,2010,1640,1660,0.1487,1960,,-680,,1280,,			
SE,STORGLACIAEREN,332,2010,1660,1680,0.1017,2260,,-660,,1600,,			
SE,STORGLACIAEREN,332,2010,1680,1700,0.0701,2370,,-650,,1720,,			
SE,STORGLACIAEREN,332,2010,1700,1720,0.039,2680,,-630,,2050,,			
SE,STORGLACIAEREN,332,2010,1720,1740,0.0072,3140,,-500,,2650,,			
SE,STORGLACIAEREN,332,2010,9999,9999,3.2112,960,,-1650,,-690,,			
SE,STORGLACIAEREN,332,2011,1140,1160,0.003,860,,-3930,,-3070,,			
SE,STORGLACIAEREN,332,2011,1160,1180,0.0079,690,,-3970,,-3270,,			
SE,STORGLACIAEREN,332,2011,1180,1200,0.0174,590,,-3940,,-3360,,			
SE,STORGLACIAEREN,332,2011,1200,1220,0.0365,630,,-3850,,-3220,,			
SE,STORGLACIAEREN,332,2011,1220,1240,0.0526,750,,-3680,,-2920,,			
SE,STORGLACIAEREN,332,2011,1240,1260,0.0639,740,,-3450,,-2720,,			
SE,STORGLACIAEREN,332,2011,1260,1280,0.0834,590,,-3360,,-2760,,			
SE,STORGLACIAEREN,332,2011,1280,1300,0.0809,850,,-3380,,-2530,,			
SE,STORGLACIAEREN,332,2011,1300,1320,0.0958,880,,-3230,,-2350,,			
SE,STORGLACIAEREN,332,2011,1320,1340,0.1506,610,,-3070,,-2470,,			
SE,STORGLACIAEREN,332,2011,1340,1360,0.2683,620,,-2870,,-2250,,			
SE,STORGLACIAEREN,332,2011,1360,1380,0.324,710,,-2790,,-2080,,			
SE,STORGLACIAEREN,332,2011,1380,1400,0.2518,800,,-2810,,-2010,,			
SE,STORGLACIAEREN,332,2011,1400,1420,0.1196,990,,-2670,,-1680,,			
SE,STORGLACIAEREN,332,2011,1420,1440,0.0722,1090,,-2540,,-1450,,			
SE,STORGLACIAEREN,332,2011,1440,1460,0.068,1080,,-2470,,-1390,,			
SE,STORGLACIAEREN,332,2011,1460,1480,0.0842,950,,-2400,,-1450,,			
SE,STORGLACIAEREN,332,2011,1480,1500,0.1521,1130,,-2230,,-1100,,			
SE,STORGLACIAEREN,332,2011,1500,1520,0.2248,1610,,-1930,,-320,,			
SE,STORGLACIAEREN,332,2011,1520,1540,0.1068,1640,,-1920,,-280,,			
SE,STORGLACIAEREN,332,2011,1540,1560,0.0964,1520,,-1950,,-430,,			
SE,STORGLACIAEREN,332,2011,1560,1580,0.0801999999999999,1600,,-1870,,-270,,			
SE,STORGLACIAEREN,332,2011,1580,1600,0.1246,1880,,-1790,,100,,			
SE,STORGLACIAEREN,332,2011,1600,1620,0.1231,1970,,-1500,,470,,			
SE,STORGLACIAEREN,332,2011,1620,1640,0.1564,2260,,-1320,,930,,			
SE,STORGLACIAEREN,332,2011,1640,1660,0.1487,2750,,-1230,,1510,,			
SE,STORGLACIAEREN,332,2011,1660,1680,0.1017,2840,,-1260,,1580,,			
SE,STORGLACIAEREN,332,2011,1680,1700,0.0701,2910,,-1180,,1730,,			
SE,STORGLACIAEREN,332,2011,1700,1720,0.039,3120,,-1190,,1940,,			
SE,STORGLACIAEREN,332,2011,1720,1740,0.0072,3860,,-1040,,2820,,			
SE,STORGLACIAEREN,332,2011,9999,9999,3.2112,1320,,-2370,,-1060,,			
SE,STORGLACIAEREN,332,2012,1140,1160,0.0038,930,,-2010,,-1080,,			
SE,STORGLACIAEREN,332,2012,1160,1180,0.0078,700,,-2040,,-1340,,			
SE,STORGLACIAEREN,332,2012,1180,1200,0.0173,700,,-2030,,-1330,,			
SE,STORGLACIAEREN,332,2012,1200,1220,0.0329,650,,-2010,,-1360,,			
SE,STORGLACIAEREN,332,2012,1220,1240,0.0461,670,,-1980,,-1310,,			
SE,STORGLACIAEREN,332,2012,1240,1260,0.0599,530,,-2110,,-1580,,			
SE,STORGLACIAEREN,332,2012,1260,1280,0.0741,400,,-2110,,-1700,,			
SE,STORGLACIAEREN,332,2012,1280,1300,0.0729,590,,-1870,,-1280,,			
SE,STORGLACIAEREN,332,2012,1300,1320,0.0859999999999999,620,,-1690,,-1080,,			
SE,STORGLACIAEREN,332,2012,1320,1340,0.1425,510,,-1540,,-1030,,			
SE,STORGLACIAEREN,332,2012,1340,1360,0.2773,510,,-1400,,-880,,			
SE,STORGLACIAEREN,332,2012,1360,1380,0.2844,620,,-1140,,-530,,			
SE,STORGLACIAEREN,332,2012,1380,1400,0.1678,740,,-970,,-220,,			
SE,STORGLACIAEREN,332,2012,1400,1420,0.096,890,,-790,,110,,			
SE,STORGLACIAEREN,332,2012,1420,1440,0.0513,950,,-680,,270,,			
SE,STORGLACIAEREN,332,2012,1440,1460,0.0571,820,,-630,,190,,			
SE,STORGLACIAEREN,332,2012,1460,1480,0.0966999999999999,730,,-570,,160,,			
SE,STORGLACIAEREN,332,2012,1480,1500,0.1806,1050,,-350,,700,,			
SE,STORGLACIAEREN,332,2012,1500,1520,0.1698,1450,,10,,1460,,			
SE,STORGLACIAEREN,332,2012,1520,1540,0.0889,1460,,-50,,1420,,			
SE,STORGLACIAEREN,332,2012,1540,1560,0.0937999999999999,1470,,-10,,1460,,			
SE,STORGLACIAEREN,332,2012,1560,1580,0.1182,1770,,50,,1810,,			
SE,STORGLACIAEREN,332,2012,1580,1600,0.1142,1690,,350,,2040,,			
SE,STORGLACIAEREN,332,2012,1600,1620,0.1283,2070,,670,,2740,,			
SE,STORGLACIAEREN,332,2012,1620,1640,0.1465,2550,,770,,3320,,			
SE,STORGLACIAEREN,332,2012,1640,1660,0.0998,2910,,760,,3670,,			
SE,STORGLACIAEREN,332,2012,1660,1680,0.0703,2950,,780,,3730,,			
SE,STORGLACIAEREN,332,2012,1680,1700,0.0516,2940,,860,,3800,,			
SE,STORGLACIAEREN,332,2012,1700,1720,0.0311,3080,,960,,4040,,			
SE,STORGLACIAEREN,332,2012,1720,1740,0.0106,3790,,1180,,4970,,			
SE,STORGLACIAEREN,332,2012,1740,1760,0.008,3830,,1180,,5010,,			
SE,STORGLACIAEREN,332,2012,1760,1780,0.0073,3830,,1190,,5020,,			
SE,STORGLACIAEREN,332,2012,1780,1800,0.0059,3950,,1190,,5150,,			
SE,STORGLACIAEREN,332,2012,1800,1820,0.0034,3940,,1220,,5160,,			
SE,STORGLACIAEREN,332,2012,1820,1840,0.0007,3630,,1390,,5020,,			
SE,STORGLACIAEREN,332,2012,1840,1860,0.0005,3690,,1390,,5080,,			
SE,STORGLACIAEREN,332,2012,9999,9999,2.9034,1250,,-570,,680,,			
SE,STORGLACIAEREN,332,2013,1140,1160,0.0038,1330,,-4650,,-3310,,			
SE,STORGLACIAEREN,332,2013,1160,1180,0.0078,1010,,-4490,,-3490,,			
SE,STORGLACIAEREN,332,2013,1180,1200,0.0173,880,,-4340,,-3460,,			
SE,STORGLACIAEREN,332,2013,1200,1220,0.0329,710,,-4200,,-3490,,			
SE,STORGLACIAEREN,332,2013,1220,1240,0.0461,750,,-4050,,-3300,,			
SE,STORGLACIAEREN,332,2013,1240,1260,0.0599,630,,-3900,,-3280,,			
SE,STORGLACIAEREN,332,2013,1260,1280,0.0741,440,,-3750,,-3310,,			
SE,STORGLACIAEREN,332,2013,1280,1300,0.0729,700,,-3610,,-2910,,			
SE,STORGLACIAEREN,332,2013,1300,1320,0.0859999999999999,570,,-3460,,-2880,,			
SE,STORGLACIAEREN,332,2013,1320,1340,0.1425,320,,-3300,,-2980,,			
SE,STORGLACIAEREN,332,2013,1340,1360,0.2773,420,,-3160,,-2730,,			
SE,STORGLACIAEREN,332,2013,1360,1380,0.2844,540,,-3010,,-2470,,			
SE,STORGLACIAEREN,332,2013,1380,1400,0.1678,650,,-2870,,-2220,,			
SE,STORGLACIAEREN,332,2013,1400,1420,0.096,800,,-2720,,-1920,,			
SE,STORGLACIAEREN,332,2013,1420,1440,0.0513,880,,-2570,,-1690,,			
SE,STORGLACIAEREN,332,2013,1440,1460,0.0571,830,,-2410,,-1590,,			
SE,STORGLACIAEREN,332,2013,1460,1480,0.0966999999999999,860,,-2270,,-1410,,			
SE,STORGLACIAEREN,332,2013,1480,1500,0.1806,980,,-2110,,-1130,,			
SE,STORGLACIAEREN,332,2013,1500,1520,0.1698,1110,,-1980,,-870,,			
SE,STORGLACIAEREN,332,2013,1520,1540,0.0889,1060,,-1830,,-770,,			
SE,STORGLACIAEREN,332,2013,1540,1560,0.0937999999999999,1010,,-1670,,-670,,			
SE,STORGLACIAEREN,332,2013,1560,1580,0.1182,1200,,-1520,,-320,,			
SE,STORGLACIAEREN,332,2013,1580,1600,0.1142,1360,,-1380,,-20,,			
SE,STORGLACIAEREN,332,2013,1600,1620,0.1283,1470,,-1220,,250,,			
SE,STORGLACIAEREN,332,2013,1620,1640,0.1465,1770,,-1080,,690,,			
SE,STORGLACIAEREN,332,2013,1640,1660,0.0998,1780,,-930,,850,,			
SE,STORGLACIAEREN,332,2013,1660,1680,0.0703,1730,,-780,,940,,			
SE,STORGLACIAEREN,332,2013,1680,1700,0.0516,1680,,-640,,1050,,			
SE,STORGLACIAEREN,332,2013,1700,1720,0.0311,1760,,-500,,1260,,			
SE,STORGLACIAEREN,332,2013,1720,1740,0.0106,2500,,-340,,2150,,			
SE,STORGLACIAEREN,332,2013,1740,1760,0.008,2480,,-190,,2290,,			
SE,STORGLACIAEREN,332,2013,1760,1780,0.0073,2470,,-40,,2430,,			
SE,STORGLACIAEREN,332,2013,1780,1800,0.0059,2490,,110,,2600,,			
SE,STORGLACIAEREN,332,2013,1800,1820,0.0034,2540,,250,,2780,,			
SE,STORGLACIAEREN,332,2013,1820,1840,0.0007,2750,,420,,3170,,			
SE,STORGLACIAEREN,332,2013,1840,1860,0.0005,2750,,530,,3290,,			
SE,STORGLACIAEREN,332,2013,9999,9999,2.9034,950,,-2360,,-1410,,			
SE,STORGLACIAEREN,332,2014,1140,1160,0.0038,720,,-4120,,-3400,,			
SE,STORGLACIAEREN,332,2014,1160,1180,0.0078,780,,-4150,,-3370,,			
SE,STORGLACIAEREN,332,2014,1180,1200,0.0173,780,,-4080,,-3310,,			
SE,STORGLACIAEREN,332,2014,1200,1220,0.0329,850,,-3970,,-3110,,			
SE,STORGLACIAEREN,332,2014,1220,1240,0.0461,920,,-3800,,-2880,,			
SE,STORGLACIAEREN,332,2014,1240,1260,0.0599,770,,-3870,,-3100,,			
SE,STORGLACIAEREN,332,2014,1260,1280,0.0741,560,,-3640,,-3080,,			
SE,STORGLACIAEREN,332,2014,1280,1300,0.0729,770,,-3440,,-2670,,			
SE,STORGLACIAEREN,332,2014,1300,1320,0.0859999999999999,820,,-3440,,-2630,,			
SE,STORGLACIAEREN,332,2014,1320,1340,0.1425,690,,-3260,,-2570,,			
SE,STORGLACIAEREN,332,2014,1340,1360,0.2773,720,,-3020,,-2290,,			
SE,STORGLACIAEREN,332,2014,1360,1380,0.2844,870,,-2840,,-1970,,			
SE,STORGLACIAEREN,332,2014,1380,1400,0.1678,1080,,-2900,,-1810,,			
SE,STORGLACIAEREN,332,2014,1400,1420,0.096,1330,,-2830,,-1490,,			
SE,STORGLACIAEREN,332,2014,1420,1440,0.0513,1480,,-2760,,-1280,,			
SE,STORGLACIAEREN,332,2014,1440,1460,0.0571,1380,,-2640,,-1260,,			
SE,STORGLACIAEREN,332,2014,1460,1480,0.0966999999999999,1190,,-2440,,-1250,,			
SE,STORGLACIAEREN,332,2014,1480,1500,0.1806,1610,,-1910,,-310,,			
SE,STORGLACIAEREN,332,2014,1500,1520,0.1698,1860,,-1780,,80,,			
SE,STORGLACIAEREN,332,2014,1520,1540,0.0889,1690,,-1870,,-180,,			
SE,STORGLACIAEREN,332,2014,1540,1560,0.0937999999999999,1660,,-1770,,-110,,			
SE,STORGLACIAEREN,332,2014,1560,1580,0.1182,1740,,-1560,,190,,			
SE,STORGLACIAEREN,332,2014,1580,1600,0.1142,2060,,-1390,,670,,			
SE,STORGLACIAEREN,332,2014,1600,1620,0.1283,2510,,-1310,,1200,,			
SE,STORGLACIAEREN,332,2014,1620,1640,0.1465,2900,,-1340,,1560,,			
SE,STORGLACIAEREN,332,2014,1640,1660,0.0998,2930,,-1400,,1530,,			
SE,STORGLACIAEREN,332,2014,1660,1680,0.0703,2790,,-1490,,1290,,			
SE,STORGLACIAEREN,332,2014,1680,1700,0.0516,2820,,-1530,,1290,,			
SE,STORGLACIAEREN,332,2014,1700,1720,0.0311,2960,,-1460,,1510,,			
SE,STORGLACIAEREN,332,2014,1720,1740,0.0106,3620,,-1180,,2440,,			
SE,STORGLACIAEREN,332,2014,1740,1760,0.008,3630,,-1190,,2440,,			
SE,STORGLACIAEREN,332,2014,1760,1780,0.0073,3620,,-1200,,2420,,			
SE,STORGLACIAEREN,332,2014,1780,1800,0.0059,3740,,-1190,,2540,,			
SE,STORGLACIAEREN,332,2014,1800,1820,0.0034,3770,,-1180,,2590,,			
SE,STORGLACIAEREN,332,2014,1820,1840,0.0007,3910,,-1120,,2790,,			
SE,STORGLACIAEREN,332,2014,1840,1860,0.0005,3920,,-1120,,2800,,			
SE,STORGLACIAEREN,332,2014,9999,9999,2.9034,1510,,-2400,,-890,,			
SE,STORGLACIAEREN,332,2015,1140,1160,0.0038000000640749,1550,50,-1970,30,-420,50,			
SE,STORGLACIAEREN,332,2015,1160,1180,0.0077999997884035,1230,50,-2000,30,-770,50,			
SE,STORGLACIAEREN,332,2015,1180,1200,0.0173000004142522,1460,50,-2010,30,-550,50,			
SE,STORGLACIAEREN,332,2015,1200,1220,0.0329000018537044,1310,50,-1920,30,-610,50,			
SE,STORGLACIAEREN,332,2015,1220,1240,0.0461000017821788,1280,50,-1710,30,-430,50,			
SE,STORGLACIAEREN,332,2015,1240,1260,0.0599000006914138,1120,50,-1720,30,-600,50,			
SE,STORGLACIAEREN,332,2015,1260,1280,0.0741000026464462,870,50,-1520,30,-650,50,			
SE,STORGLACIAEREN,332,2015,1280,1300,0.0728999972343444,1150,50,-1330,30,-180,50,			
SE,STORGLACIAEREN,332,2015,1300,1320,0.0860000029206275,1110,50,-1250,30,-140,50,			
SE,STORGLACIAEREN,332,2015,1320,1340,0.1424999982118607,1000,50,-1240,30,-240,50,			
SE,STORGLACIAEREN,332,2015,1340,1360,0.2773000001907349,1000,50,-1190,30,-190,50,			
SE,STORGLACIAEREN,332,2015,1360,1380,0.2843999862670898,1090,50,-1070,30,20,50,			
SE,STORGLACIAEREN,332,2015,1380,1400,0.1677999943494797,1270,50,-1050,30,220,50,			
SE,STORGLACIAEREN,332,2015,1400,1420,0.096000000834465,1460,50,-1010,30,450,50,			
SE,STORGLACIAEREN,332,2015,1420,1440,0.0513000003993511,1590,50,-1010,30,580,50,			
SE,STORGLACIAEREN,332,2015,1440,1460,0.0571000017225742,1370,50,-980,30,390,50,			
SE,STORGLACIAEREN,332,2015,1460,1480,0.0966999977827072,1320,50,-880,30,440,50,			
SE,STORGLACIAEREN,332,2015,1480,1500,0.1806000024080276,1690,50,-590,30,1100,50,			
SE,STORGLACIAEREN,332,2015,1500,1520,0.1697999984025955,1870,50,-420,30,1450,50,			
SE,STORGLACIAEREN,332,2015,1520,1540,0.0888999998569488,1670,50,-470,30,1200,50,			
SE,STORGLACIAEREN,332,2015,1540,1560,0.0938000008463859,1620,50,-470,30,1150,50,			
SE,STORGLACIAEREN,332,2015,1560,1580,0.118199996650219,1710,50,-430,30,1280,50,			
SE,STORGLACIAEREN,332,2015,1580,1600,0.1142000034451485,1830,50,-280,30,1550,50,			
SE,STORGLACIAEREN,332,2015,1600,1620,0.1282999962568283,1870,50,-240,30,1630,50,			
SE,STORGLACIAEREN,332,2015,1620,1640,0.1465000063180923,1930,50,-240,30,1680,50,			
SE,STORGLACIAEREN,332,2015,1640,1660,0.0997999981045723,1930,50,-250,30,1680,50,			
SE,STORGLACIAEREN,332,2015,1660,1680,0.0702999979257583,1840,50,-240,30,1600,50,			
SE,STORGLACIAEREN,332,2015,1680,1700,0.0516000017523765,1870,50,-220,30,1660,50,			
SE,STORGLACIAEREN,332,2015,1700,1720,0.0310999993234872,1960,50,-180,30,1770,50,			
SE,STORGLACIAEREN,332,2015,1720,1740,0.0105999996885657,2300,50,-130,30,2170,50,			
SE,STORGLACIAEREN,332,2015,1740,1760,0.0080000003799796,2340,50,-130,30,2210,50,			
SE,STORGLACIAEREN,332,2015,1760,1780,0.0073000001721084,2350,50,-130,30,2220,50,			
SE,STORGLACIAEREN,332,2015,1780,1800,0.0059000002220273,2430,50,-140,30,2290,50,			
SE,STORGLACIAEREN,332,2015,1800,1820,0.003400000045076,2470,50,-140,30,2330,50,			
SE,STORGLACIAEREN,332,2015,1820,1840,0.0006999999750405,2620,50,-100,30,2510,50,			
SE,STORGLACIAEREN,332,2015,1840,1860,0.0005000000237487,2630,50,-100,30,2530,50,			
SE,STORGLACIAEREN,332,2015,9999,9999,2.90339994430542,1460,,-820,,640,,			
SE,STORGLACIAEREN,332,2016,1140,1160,0.0038000000640749,670,50,-2420,30,-1750,50,			
SE,STORGLACIAEREN,332,2016,1160,1180,0.0077999997884035,700,50,-2450,30,-1750,50,			
SE,STORGLACIAEREN,332,2016,1180,1200,0.0173000004142522,1140,50,-2560,30,-1420,50,			
SE,STORGLACIAEREN,332,2016,1200,1220,0.0329000018537044,1050,50,-2760,30,-1710,50,			
SE,STORGLACIAEREN,332,2016,1220,1240,0.0461000017821788,970,50,-3010,30,-2040,50,			
SE,STORGLACIAEREN,332,2016,1240,1260,0.0599000006914138,890,50,-3050,30,-2160,50,			
SE,STORGLACIAEREN,332,2016,1260,1280,0.0741000026464462,720,50,-2820,30,-2090,50,			
SE,STORGLACIAEREN,332,2016,1280,1300,0.0728999972343444,940,50,-2690,30,-1750,50,			
SE,STORGLACIAEREN,332,2016,1300,1320,0.0860000029206275,940,50,-2650,30,-1710,50,			
SE,STORGLACIAEREN,332,2016,1320,1340,0.1424999982118607,780,50,-2520,30,-1750,50,			
SE,STORGLACIAEREN,332,2016,1340,1360,0.2773000001907349,810,50,-2400,30,-1590,50,			
SE,STORGLACIAEREN,332,2016,1360,1380,0.2843999862670898,920,50,-2310,30,-1390,50,			
SE,STORGLACIAEREN,332,2016,1380,1400,0.1677999943494797,1120,50,-2180,30,-1060,50,			
SE,STORGLACIAEREN,332,2016,1400,1420,0.096000000834465,1440,50,-2060,30,-620,50,			
SE,STORGLACIAEREN,332,2016,1420,1440,0.0513000003993511,1530,50,-1910,30,-380,50,			
SE,STORGLACIAEREN,332,2016,1440,1460,0.0571000017225742,1280,50,-1780,30,-510,50,			
SE,STORGLACIAEREN,332,2016,1460,1480,0.0966999977827072,1280,50,-1610,30,-340,50,			
SE,STORGLACIAEREN,332,2016,1480,1500,0.1806000024080276,1660,50,-1320,30,340,50,			
SE,STORGLACIAEREN,332,2016,1500,1520,0.1697999984025955,2230,50,-1060,30,1170,50,			
SE,STORGLACIAEREN,332,2016,1520,1540,0.0888999998569488,2030,50,-1090,30,940,50,			
SE,STORGLACIAEREN,332,2016,1540,1560,0.0938000008463859,1950,50,-1080,30,860,50,			
SE,STORGLACIAEREN,332,2016,1560,1580,0.118199996650219,1870,50,-1010,30,860,50,			
SE,STORGLACIAEREN,332,2016,1580,1600,0.1142000034451485,2020,50,-900,30,1120,50,			
SE,STORGLACIAEREN,332,2016,1600,1620,0.1282999962568283,2200,50,-960,30,1240,50,			
SE,STORGLACIAEREN,332,2016,1620,1640,0.1465000063180923,2280,50,-930,30,1350,50,			
SE,STORGLACIAEREN,332,2016,1640,1660,0.0997999981045723,2380,50,-860,30,1520,50,			
SE,STORGLACIAEREN,332,2016,1660,1680,0.0702999979257583,2420,50,-840,30,1580,50,			
SE,STORGLACIAEREN,332,2016,1680,1700,0.0516000017523765,2480,50,-830,30,1650,50,			
SE,STORGLACIAEREN,332,2016,1700,1720,0.0310999993234872,2520,50,-820,30,1700,50,			
SE,STORGLACIAEREN,332,2016,1720,1740,0.0105999996885657,2430,50,-840,30,1600,50,			
SE,STORGLACIAEREN,332,2016,1740,1760,0.0080000003799796,2440,50,-830,30,1610,50,			
SE,STORGLACIAEREN,332,2016,1760,1780,0.0073000001721084,2450,50,-820,30,1620,50,			
SE,STORGLACIAEREN,332,2016,1780,1800,0.0059000002220273,2420,50,-840,30,1590,50,			
SE,STORGLACIAEREN,332,2016,1800,1820,0.003400000045076,2430,50,-830,30,1590,50,			
SE,STORGLACIAEREN,332,2016,1820,1840,0.0006999999750405,2560,50,-840,30,1720,50,			
SE,STORGLACIAEREN,332,2016,1840,1860,0.0005000000237487,2570,50,-840,30,1730,50,			
SE,STORGLACIAEREN,332,2016,9999,9999,2.90339994430542,1510,,-1740,,-240,,			
SE,STORGLACIAEREN,332,2017,1160,1180,0.0062,1130,,-2800,,-1670,,			
SE,STORGLACIAEREN,332,2017,1180,1200,0.0166,1110,,-2700,,-1590,,			
SE,STORGLACIAEREN,332,2017,1200,1220,0.0339,1070,,-2530,,-1460,,			
SE,STORGLACIAEREN,332,2017,1220,1240,0.0486,1030,,-2340,,-1310,,			
SE,STORGLACIAEREN,332,2017,1240,1260,0.0658,1000,,-2180,,-1190,,			
SE,STORGLACIAEREN,332,2017,1260,1280,0.074,950,,-2020,,-1060,,			
SE,STORGLACIAEREN,332,2017,1280,1300,0.0704999999999999,910,,-1750,,-840,,			
SE,STORGLACIAEREN,332,2017,1300,1320,0.0956999999999999,870,,-1800,,-930,,			
SE,STORGLACIAEREN,332,2017,1320,1340,0.1743,790,,-1700,,-910,,			
SE,STORGLACIAEREN,332,2017,1340,1360,0.2866,830,,-1350,,-520,,			
SE,STORGLACIAEREN,332,2017,1360,1380,0.2635,980,,-1300,,-320,,			
SE,STORGLACIAEREN,332,2017,1380,1400,0.1675,1170,,-1200,,-30,,			
SE,STORGLACIAEREN,332,2017,1400,1420,0.0887,1290,,-1030,,260,,			
SE,STORGLACIAEREN,332,2017,1420,1440,0.0581,1340,,-950,,390,,			
SE,STORGLACIAEREN,332,2017,1440,1460,0.0622,1360,,-890,,480,,			
SE,STORGLACIAEREN,332,2017,1460,1480,0.0988,1440,,-850,,590,,			
SE,STORGLACIAEREN,332,2017,1480,1500,0.2095,1710,,-630,,1090,,			
SE,STORGLACIAEREN,332,2017,1500,1520,0.149,1960,,-490,,1470,,			
SE,STORGLACIAEREN,332,2017,1520,1540,0.0914,1940,,-550,,1400,,			
SE,STORGLACIAEREN,332,2017,1540,1560,0.0953,1940,,-540,,1400,,			
SE,STORGLACIAEREN,332,2017,1560,1580,0.1234,2010,,-460,,1550,,			
SE,STORGLACIAEREN,332,2017,1580,1600,0.1233,2240,,-450,,1790,,			
SE,STORGLACIAEREN,332,2017,1600,1620,0.1335,2440,,-510,,1930,,			
SE,STORGLACIAEREN,332,2017,1620,1640,0.1445,2620,,-570,,2050,,			
SE,STORGLACIAEREN,332,2017,1640,1660,0.1001,2710,,-650,,2050,,			
SE,STORGLACIAEREN,332,2017,1660,1680,0.058,2720,,-750,,1970,,			
SE,STORGLACIAEREN,332,2017,1680,1700,0.0381,2750,,-860,,1890,,			
SE,STORGLACIAEREN,332,2017,1700,1720,0.0122,2800,,-900,,1910,,			
SE,STORGLACIAEREN,332,2017,9999,9999,2.8891,1540,,-1070,,470,,			
SE,STORGLACIAEREN,332,2018,1160,1180,0.0062,670,,-4560,,-3890,,			
SE,STORGLACIAEREN,332,2018,1180,1200,0.0166,660,,-4540,,-3880,,			
SE,STORGLACIAEREN,332,2018,1200,1220,0.0339,620,,-4460,,-3840,,			
SE,STORGLACIAEREN,332,2018,1220,1240,0.0486,570,,-4370,,-3800,,			
SE,STORGLACIAEREN,332,2018,1240,1260,0.0658,530,,-4230,,-3700,,			
SE,STORGLACIAEREN,332,2018,1260,1280,0.074,500,,-3980,,-3480,,			
SE,STORGLACIAEREN,332,2018,1280,1300,0.0704999999999999,510,,-3770,,-3260,,			
SE,STORGLACIAEREN,332,2018,1300,1320,0.0956999999999999,520,,-3630,,-3110,,			
SE,STORGLACIAEREN,332,2018,1320,1340,0.1743,530,,-3490,,-2960,,			
SE,STORGLACIAEREN,332,2018,1340,1360,0.2866,590,,-3250,,-2670,,			
SE,STORGLACIAEREN,332,2018,1360,1380,0.2635,710,,-3020,,-2310,,			
SE,STORGLACIAEREN,332,2018,1380,1400,0.1675,850,,-3050,,-2190,,			
SE,STORGLACIAEREN,332,2018,1400,1420,0.0887,910,,-3110,,-2200,,			
SE,STORGLACIAEREN,332,2018,1420,1440,0.0581,960,,-3070,,-2110,,			
SE,STORGLACIAEREN,332,2018,1440,1460,0.0622,970,,-2990,,-2020,,			
SE,STORGLACIAEREN,332,2018,1460,1480,0.0988,1040,,-2790,,-1760,,			
SE,STORGLACIAEREN,332,2018,1480,1500,0.2095,1220,,-2300,,-1080,,			
SE,STORGLACIAEREN,332,2018,1500,1520,0.149,1390,,-2070,,-680,,			
SE,STORGLACIAEREN,332,2018,1520,1540,0.0914,1390,,-2120,,-740,,			
SE,STORGLACIAEREN,332,2018,1540,1560,0.0953,1390,,-2020,,-630,,			
SE,STORGLACIAEREN,332,2018,1560,1580,0.1234,1460,,-1760,,-300,,			
SE,STORGLACIAEREN,332,2018,1580,1600,0.1233,1620,,-1560,,70,,			
SE,STORGLACIAEREN,332,2018,1600,1620,0.1335,1770,,-1490,,280,,			
SE,STORGLACIAEREN,332,2018,1620,1640,0.1445,1920,,-1490,,420,,			
SE,STORGLACIAEREN,332,2018,1640,1660,0.1001,1990,,-1580,,410,,			
SE,STORGLACIAEREN,332,2018,1660,1680,0.058,1970,,-1680,,290,,			
SE,STORGLACIAEREN,332,2018,1680,1700,0.0381,1940,,-1740,,210,,			
SE,STORGLACIAEREN,332,2018,1700,1720,0.0122,2000,,-1730,,260,,			
SE,STORGLACIAEREN,332,2018,9999,9999,2.8891,1090,,-2690,,-1600,,			
SE,STORGLACIAEREN,332,2019,1160,1180,0.0062,810,,-3030,,-2220,,			
SE,STORGLACIAEREN,332,2019,1180,1200,0.0166,990,,-3240,,-2250,,			
SE,STORGLACIAEREN,332,2019,1200,1220,0.0339,1050,,-3300,,-2250,,			
SE,STORGLACIAEREN,332,2019,1220,1240,0.0486,970,,-3250,,-2270,,			
SE,STORGLACIAEREN,332,2019,1240,1260,0.0658,810,,-3100,,-2290,,			
SE,STORGLACIAEREN,332,2019,1260,1280,0.074,740,,-3010,,-2270,,			
SE,STORGLACIAEREN,332,2019,1280,1300,0.0704999999999999,940,,-3100,,-2160,,			
SE,STORGLACIAEREN,332,2019,1300,1320,0.0956999999999999,920,,-2900,,-1980,,			
SE,STORGLACIAEREN,332,2019,1320,1340,0.1743,730,,-2550,,-1820,,			
SE,STORGLACIAEREN,332,2019,1340,1360,0.2866,890,,-2380,,-1490,,			
SE,STORGLACIAEREN,332,2019,1360,1380,0.2635,1050,,-2320,,-1270,,			
SE,STORGLACIAEREN,332,2019,1380,1400,0.1675,1260,,-2260,,-1000,,			
SE,STORGLACIAEREN,332,2019,1400,1420,0.0887,1580,,-2280,,-710,,			
SE,STORGLACIAEREN,332,2019,1420,1440,0.0581,1600,,-2160,,-560,,			
SE,STORGLACIAEREN,332,2019,1440,1460,0.0622,1490,,-1900,,-400,,			
SE,STORGLACIAEREN,332,2019,1460,1480,0.0988,1470,,-1670,,-200,,			
SE,STORGLACIAEREN,332,2019,1480,1500,0.2095,1810,,-1560,,240,,			
SE,STORGLACIAEREN,332,2019,1500,1520,0.149,1900,,-1350,,560,,			
SE,STORGLACIAEREN,332,2019,1520,1540,0.0914,1820,,-1280,,540,,			
SE,STORGLACIAEREN,332,2019,1540,1560,0.0953,1840,,-1230,,610,,			
SE,STORGLACIAEREN,332,2019,1560,1580,0.1234,2100,,-1240,,860,,			
SE,STORGLACIAEREN,332,2019,1580,1600,0.1233,2370,,-1130,,1240,,			
SE,STORGLACIAEREN,332,2019,1600,1620,0.1335,2580,,-980,,1590,,			
SE,STORGLACIAEREN,332,2019,1620,1640,0.1445,2830,,-880,,1950,,			
SE,STORGLACIAEREN,332,2019,1640,1660,0.1001,2930,,-920,,2010,,			
SE,STORGLACIAEREN,332,2019,1660,1680,0.058,2740,,-890,,1850,,			
SE,STORGLACIAEREN,332,2019,1680,1700,0.0381,2430,,-780,,1650,,			
SE,STORGLACIAEREN,332,2019,1700,1720,0.0122,2430,,-750,,1680,,			
SE,STORGLACIAEREN,332,2019,9999,9999,2.8891,1590,,-1900,,-310,,			

